-32,0,0mOwLfOZR+lttgRPVgtOLVviTRQ=,XUI0n8jVq+ZxOZ04MYSwuOuv3F4=
-32,1,0mOwLfOZR+lttgRPVgtOLVviTRQ=,IMrXQdFr11mWauGo4bVS8Q5MAq4=
-32,2,0mOwLfOZR+lttgRPVgtOLVviTRQ=,IMrXQdFr11mWauGo4bVS8Q5MAq4=
-32,3,0mOwLfOZR+lttgRPVgtOLVviTRQ=,SmiNU5Hm5uObdIn7ISpW2H1Oyyg=
-32,4,0mOwLfOZR+lttgRPVgtOLVviTRQ=,9elyRVByYYkBXHWNllOMMPeqvwk=
-32,5,0mOwLfOZR+lttgRPVgtOLVviTRQ=,jBEcoPr2xXt52d0w8u+89E9tTX4=
-32,6,0mOwLfOZR+lttgRPVgtOLVviTRQ=,CcSTGGfY5pOwbGNimgpswTo/3gg=
-32,7,0mOwLfOZR+lttgRPVgtOLVviTRQ=,IpVbfn/ODFvHyd/OvLZ7Uw01EY8=
-32,8,0mOwLfOZR+lttgRPVgtOLVviTRQ=,5uRLdaBZY+GHZnPzpYyihJcIE7o=
-32,9,0mOwLfOZR+lttgRPVgtOLVviTRQ=,7NwCs2sM4q57fRz2LoWn+42Tfcw=
-32,10,0mOwLfOZR+lttgRPVgtOLVviTRQ=,uxzqCiUe1MC7piTcWfVyyFv3TA0=
-32,11,0mOwLfOZR+lttgRPVgtOLVviTRQ=,q7yIOTNlQPJOUUxj/+gkXHd5yJ4=
-32,12,0mOwLfOZR+lttgRPVgtOLVviTRQ=,s7OB0wmYuk0w3UP1+TpLMzmrFDk=
-32,13,0mOwLfOZR+lttgRPVgtOLVviTRQ=,4Myp6EG8yM2xjcwOjMyH9tiwcnw=
-32,14,0mOwLfOZR+lttgRPVgtOLVviTRQ=,uJPnsqBCgEVePl2DfE+4G5gseCw=
-32,15,0mOwLfOZR+lttgRPVgtOLVviTRQ=,6uvTdFMKdjC1hWgaCwjUEa8mYRg=
-32,16,0mOwLfOZR+lttgRPVgtOLVviTRQ=,FtswSnkqp5XkYpQEoELV/2T4AKE=
-32,17,0mOwLfOZR+lttgRPVgtOLVviTRQ=,ZgSZi7CYwKWwdmtQoxdrXB9Iz9E=
-32,18,0mOwLfOZR+lttgRPVgtOLVviTRQ=,G1stcktIHOZ5wHHKjrsEOZkUGsw=
-32,19,0mOwLfOZR+lttgRPVgtOLVviTRQ=,ryzniy6AQmiXf75KFDnnpS3tx9Q=
-32,20,0mOwLfOZR+lttgRPVgtOLVviTRQ=,z0wVyHEm+7YIRfTMgEJQvGVbVtI=
-32,21,0mOwLfOZR+lttgRPVgtOLVviTRQ=,vTyi7gGwO5ZVGXEAk91aQzxFtQ4=
-32,22,0mOwLfOZR+lttgRPVgtOLVviTRQ=,I+SRggPyRFK+mjZ6VYNWw73oP4c=
-32,23,0mOwLfOZR+lttgRPVgtOLVviTRQ=,XG5egF66Sf1gFKqW32ZjVwIp7FM=
-32,24,0mOwLfOZR+lttgRPVgtOLVviTRQ=,+qOJ2xaw3MEPS/P8UsEOpgbN56I=
-31,1,0mOwLfOZR+lttgRPVgtOLVviTRQ=,DKwv9MB+JtACDzIwCer+bdsK68Y=
-31,0,94889pr5GctHzCKPA/cpvuCnct4=,1KoilTptrHYiu1VWNKIloutnyMI=
-31,3,94889pr5GctHzCKPA/cpvuCnct4=,D5XfqJGSaCS/jPToA+AZqlmwl8I=
-31,2,94889pr5GctHzCKPA/cpvuCnct4=,FG9QobfY6/5WnEecYqawnfZEO+w=
-31,5,94889pr5GctHzCKPA/cpvuCnct4=,wN47RzjfuarUc8FusrfOco1XiOc=
-31,4,94889pr5GctHzCKPA/cpvuCnct4=,nAeloKCUvwNiTl5LLwEYk9ck6Ng=
-31,7,94889pr5GctHzCKPA/cpvuCnct4=,pciAndKnk7GBMYrU6NDBQXoDXas=
-31,6,94889pr5GctHzCKPA/cpvuCnct4=,tYo94lg0gt+dh1gvceZGsBVEptc=
-31,9,94889pr5GctHzCKPA/cpvuCnct4=,9Mi8mCrASEecUcttrkFQwMA8Ig8=
-31,8,94889pr5GctHzCKPA/cpvuCnct4=,8R2df9NFbUd7k8A5jH3LdYri6K8=
-31,11,94889pr5GctHzCKPA/cpvuCnct4=,v3kHmxbKPI2w9h5H1P0l4Px3eF8=
-31,10,94889pr5GctHzCKPA/cpvuCnct4=,H/dYSCyxvOmz50/TwyzM7aJcscg=
-31,13,94889pr5GctHzCKPA/cpvuCnct4=,n3diUaEOmBcaFQC2eJcC4CF+B/Y=
-31,12,94889pr5GctHzCKPA/cpvuCnct4=,paGLB2RpZchgtaET1/ppsPBjn8E=
-31,15,94889pr5GctHzCKPA/cpvuCnct4=,dDK7D2wU/t0pkuf0XS82cYBmrcs=
-31,14,94889pr5GctHzCKPA/cpvuCnct4=,n3diUaEOmBcaFQC2eJcC4CF+B/Y=
-31,17,UDHp8Pq+RHjzpLVhdJBDtlnRFJg=,ZKqVY8siqh5dmCle7RhlNk+v0lU=
-31,16,UDHp8Pq+RHjzpLVhdJBDtlnRFJg=,FtswSnkqp5XkYpQEoELV/2T4AKE=
-31,19,UDHp8Pq+RHjzpLVhdJBDtlnRFJg=,zCWnkijrFj4Z2+CEplwaNOQplns=
-31,18,UDHp8Pq+RHjzpLVhdJBDtlnRFJg=,byOGfnT064PAruRFN2s+5y5Rp/s=
-31,21,UDHp8Pq+RHjzpLVhdJBDtlnRFJg=,grzXvnZhF0T13nzWF2zZWYbYqkU=
-31,20,UDHp8Pq+RHjzpLVhdJBDtlnRFJg=,dM+hB3JIAOmZExHGN7icUV+bRS0=
-31,23,UDHp8Pq+RHjzpLVhdJBDtlnRFJg=,Jht5ChFHybDN/atLF+zHyuQtlOY=
-31,22,UDHp8Pq+RHjzpLVhdJBDtlnRFJg=,euqa2Mols0nHWkyxYT2NKWXlqDk=
-31,24,UDHp8Pq+RHjzpLVhdJBDtlnRFJg=,+qOJ2xaw3MEPS/P8UsEOpgbN56I=
-30,2,UDHp8Pq+RHjzpLVhdJBDtlnRFJg=,deto4fig4QbjKKkbU3R3hlQAzYU=
-30,3,UDHp8Pq+RHjzpLVhdJBDtlnRFJg=,SX766VitNwX+Y/zGMYzbgHxmfNo=
-30,0,UDHp8Pq+RHjzpLVhdJBDtlnRFJg=,knrxNubjXSropo/1zENkYmv/bR8=
-30,1,UDHp8Pq+RHjzpLVhdJBDtlnRFJg=,ts1USoVQnQexhLX+JKEWCGMqCvk=
-30,6,UDHp8Pq+RHjzpLVhdJBDtlnRFJg=,e/YxiZdgzoXqREjSNKvy2jNIv5g=
-30,7,z/CKfIo8xaDK2xQDXBYnH3HspOk=,YnqNKm55kwo5L1DE24JkkwqDIv4=
-30,4,z/CKfIo8xaDK2xQDXBYnH3HspOk=,gdKgSAkHIii3D/c61G9qagCwFfs=
-30,5,z/CKfIo8xaDK2xQDXBYnH3HspOk=,nkvr576zDnmMKSlfnpQ4upPlKS0=
-30,10,z/CKfIo8xaDK2xQDXBYnH3HspOk=,9sUgbYP3xpPj9qqyVsifNwE40Uo=
-30,11,z/CKfIo8xaDK2xQDXBYnH3HspOk=,ukYo4mGiqczXG48zfgRdG6loN38=
-30,8,z/CKfIo8xaDK2xQDXBYnH3HspOk=,vCqCgTVpUUyX8DfKApZEJX41MPk=
-30,9,z/CKfIo8xaDK2xQDXBYnH3HspOk=,demAARfKxM/oSIvosAPPu71Rw7E=
-30,14,z/CKfIo8xaDK2xQDXBYnH3HspOk=,/aCqYPfYT/S4gFziXMLEjMDgxTo=
-30,15,z/CKfIo8xaDK2xQDXBYnH3HspOk=,51BXiGdsBomj7EOpUlS8b8QUVFE=
-30,12,z/CKfIo8xaDK2xQDXBYnH3HspOk=,A+4SiEk+aqwg7SO/5goaB0DZgaY=
-30,13,z/CKfIo8xaDK2xQDXBYnH3HspOk=,ceDQOkl0AicCmj2qSwALwTYUDBg=
-30,18,z/CKfIo8xaDK2xQDXBYnH3HspOk=,6r1lfrW28nPFDqfghWh2HM0+pk4=
-30,19,z/CKfIo8xaDK2xQDXBYnH3HspOk=,9Xjye+qONydM1sZ2u1oUGzGZM2U=
-30,16,z/CKfIo8xaDK2xQDXBYnH3HspOk=,d5f6XMtQpcvXCDZ7ilNvnig7WJk=
-30,17,bhFOARX1oAVCDONHYVBJboE8Jz0=,4Vf+6J/KoodRTL5jXQPjpnDi3K0=
-30,22,bhFOARX1oAVCDONHYVBJboE8Jz0=,3AfjbEB1VVA2fo2NxubxK0fu52E=
-30,23,bhFOARX1oAVCDONHYVBJboE8Jz0=,cHGhiURmAxbmYn8zEQ2nDtolxmY=
-30,20,bhFOARX1oAVCDONHYVBJboE8Jz0=,dM+hB3JIAOmZExHGN7icUV+bRS0=
-30,21,bhFOARX1oAVCDONHYVBJboE8Jz0=,grzXvnZhF0T13nzWF2zZWYbYqkU=
-30,24,bhFOARX1oAVCDONHYVBJboE8Jz0=,+qOJ2xaw3MEPS/P8UsEOpgbN56I=
-29,3,bhFOARX1oAVCDONHYVBJboE8Jz0=,W+XuLgOSBshjt1LGNM6+U9m7SxY=
-29,2,bhFOARX1oAVCDONHYVBJboE8Jz0=,WHVVPjYsQjEIck/mBB9doW3mfrU=
-29,1,bhFOARX1oAVCDONHYVBJboE8Jz0=,w8azDymsyeBbGEFlR/UgHeYl448=
-29,0,bhFOARX1oAVCDONHYVBJboE8Jz0=,5Zdz3sv/OFOkAyUK7nB1iD0yWbM=
-29,7,bhFOARX1oAVCDONHYVBJboE8Jz0=,Wm2t2S3dIgNby6Pjk/G2JxvcBqQ=
-29,6,bhFOARX1oAVCDONHYVBJboE8Jz0=,sUi5KZAPqVR+SxglRSIrcNe90gs=
-29,5,bhFOARX1oAVCDONHYVBJboE8Jz0=,p+K+gPwpnJ74R2IxQ8qKec1414Q=
-29,4,bhFOARX1oAVCDONHYVBJboE8Jz0=,Q4Qo2n/THhhy8wtOKZ5M/NwrMOg=
-29,11,bhFOARX1oAVCDONHYVBJboE8Jz0=,5+UDJF3IhHth3AyGtBxrBxNw5DE=
-29,10,jv6Wi8bg0bDWk4fmtu0PHLCPz/U=,vIfjuU+9xd074VltHlwl82HLB1k=
-29,9,jv6Wi8bg0bDWk4fmtu0PHLCPz/U=,Y7YNgMSBKEQcN8eXlwiedi3e2TI=
-29,8,jv6Wi8bg0bDWk4fmtu0PHLCPz/U=,+QMB8/ccyGco56YoXJT+GRegJcE=
-29,15,jv6Wi8bg0bDWk4fmtu0PHLCPz/U=,7lqggxYlIAMmmBsOvMYQwMLfNbk=
-29,14,jv6Wi8bg0bDWk4fmtu0PHLCPz/U=,vAoT7bZPZZRg9Z28Ju3tZsq0DyY=
-29,13,jv6Wi8bg0bDWk4fmtu0PHLCPz/U=,Oc2kS4/aB9orJJqfeg3vjWNAJeA=
-29,12,jv6Wi8bg0bDWk4fmtu0PHLCPz/U=,UM8Y0wFXm+lithfgjpk+fT+hj7c=
-29,19,jv6Wi8bg0bDWk4fmtu0PHLCPz/U=,QfTimXMjBRleOJycqdwtXC7l5yk=
-29,18,jv6Wi8bg0bDWk4fmtu0PHLCPz/U=,NSX/5ui+JbXXYPt9DOWFBDXUdSY=
-29,17,jv6Wi8bg0bDWk4fmtu0PHLCPz/U=,vQe7KrUESbBAEbVgt/4DqG8K85w=
-29,16,jv6Wi8bg0bDWk4fmtu0PHLCPz/U=,Hr1gr+YorW8msYJgXN/IZVEW65Y=
-29,23,jv6Wi8bg0bDWk4fmtu0PHLCPz/U=,gTRqfibcEDMm2xk+NAokmvDBQzA=
-29,22,jv6Wi8bg0bDWk4fmtu0PHLCPz/U=,rFbVpSCAWoqhr4O93QSsjT7T7zg=
-29,21,jv6Wi8bg0bDWk4fmtu0PHLCPz/U=,PL5w/VTutsO1/i1Ei8ThDB2LH7g=
-29,20,jv6Wi8bg0bDWk4fmtu0PHLCPz/U=,LZIC2DqUSumooo2mLU8dtIeTf6A=
-29,24,jv6Wi8bg0bDWk4fmtu0PHLCPz/U=,+qOJ2xaw3MEPS/P8UsEOpgbN56I=
-28,4,jv6Wi8bg0bDWk4fmtu0PHLCPz/U=,Q4Qo2n/THhhy8wtOKZ5M/NwrMOg=
-28,5,jv6Wi8bg0bDWk4fmtu0PHLCPz/U=,Rvacl+1UisqvsczjYY1ZG5QyyAE=
-28,6,NwgGJgsNR6QXdy4JVL4W7rrkiOg=,Yiq3SVwxZDunyzs8LQqEB0X4aLM=
-28,7,NwgGJgsNR6QXdy4JVL4W7rrkiOg=,ItV1JyVZFQKjQScNqRZOFD8uFBs=
-28,0,NwgGJgsNR6QXdy4JVL4W7rrkiOg=,uSzuXNxsvMlDo3d+izsXwqMPVSQ=
-28,1,NwgGJgsNR6QXdy4JVL4W7rrkiOg=,wleWKIR/+8wkiShQSJx6PGG2Tbg=
-28,2,NwgGJgsNR6QXdy4JVL4W7rrkiOg=,Q4Qo2n/THhhy8wtOKZ5M/NwrMOg=
-28,3,NwgGJgsNR6QXdy4JVL4W7rrkiOg=,Q4Qo2n/THhhy8wtOKZ5M/NwrMOg=
-28,12,NwgGJgsNR6QXdy4JVL4W7rrkiOg=,VwFEhnGWJ0VtVzzX/LqtO7k6svI=
-28,13,NwgGJgsNR6QXdy4JVL4W7rrkiOg=,li9fBlqclETPDryodfC25RvMYGo=
-28,14,NwgGJgsNR6QXdy4JVL4W7rrkiOg=,jRqbSwbn1B3lDLeMNKS62xFauP8=
-28,15,NwgGJgsNR6QXdy4JVL4W7rrkiOg=,2HYST1Xk/J0ASOOPVuR6juHE6B8=
-28,8,NwgGJgsNR6QXdy4JVL4W7rrkiOg=,+QMB8/ccyGco56YoXJT+GRegJcE=
-28,9,NwgGJgsNR6QXdy4JVL4W7rrkiOg=,DQPBWmilcdktIC+5F3BQx7jQXmg=
-28,10,NwgGJgsNR6QXdy4JVL4W7rrkiOg=,VwFEhnGWJ0VtVzzX/LqtO7k6svI=
-28,11,NwgGJgsNR6QXdy4JVL4W7rrkiOg=,VwFEhnGWJ0VtVzzX/LqtO7k6svI=
-28,20,NwgGJgsNR6QXdy4JVL4W7rrkiOg=,Uodxs++ZaXAOahPgRYmRUhqaV7o=
-28,21,NwgGJgsNR6QXdy4JVL4W7rrkiOg=,RVGya3jexMLs7Q8419hInSZU4IU=
-28,22,nWpflSp5Q5ywY3eitF8ndmSxy/A=,ZCrfoRWWtYjhHzsGihFg4iGO0EY=
-28,23,nWpflSp5Q5ywY3eitF8ndmSxy/A=,DgPsMtj1PQJFUSU6WC3Z7hG9UnQ=
-28,16,nWpflSp5Q5ywY3eitF8ndmSxy/A=,Tgam1/jnf6kdXBlmfafFqhU9xVQ=
-28,17,nWpflSp5Q5ywY3eitF8ndmSxy/A=,6q+6nymj4OHTrsfmotCutea6krk=
-28,18,nWpflSp5Q5ywY3eitF8ndmSxy/A=,rU7QOjGmtVEnC9AbzVrD5iCscpQ=
-28,19,nWpflSp5Q5ywY3eitF8ndmSxy/A=,8CNFcr9KJZqmRo00yocXcVZ9+o0=
-28,24,nWpflSp5Q5ywY3eitF8ndmSxy/A=,IfTsLAEQxeMj+xk08eeem/D37OU=
-27,5,nWpflSp5Q5ywY3eitF8ndmSxy/A=,0vsfc96FjCu1EjLG2V8nLNfs/gg=
-27,4,nWpflSp5Q5ywY3eitF8ndmSxy/A=,C8z+D1xpZEIBllMn4WW2nNzdWeE=
-27,7,nWpflSp5Q5ywY3eitF8ndmSxy/A=,jU8eGL1uEp4/ZCsHB0aOUI/92bg=
-27,6,nWpflSp5Q5ywY3eitF8ndmSxy/A=,GEfIHNYjCe2TYesh071cs2Av0SQ=
-27,1,nWpflSp5Q5ywY3eitF8ndmSxy/A=,9v6kUT8/Kwo1GSJP7fJkyVNy7is=
-27,0,nWpflSp5Q5ywY3eitF8ndmSxy/A=,STyslIdzlQhxZyXgimEkxEF72/4=
-27,3,nWpflSp5Q5ywY3eitF8ndmSxy/A=,Y1IlpIT3qSKSkNNruT2XGHn10m0=
-27,2,nWpflSp5Q5ywY3eitF8ndmSxy/A=,VlluXQYd1iJVss0+AAeoNTJOtNQ=
-27,13,nWpflSp5Q5ywY3eitF8ndmSxy/A=,OunyVKN3HqfFknf0NjNIAyq2KSQ=
-27,12,axYm6KnCruQZ4lRGCLp6eqlXo4M=,cMsByjlzUTAP6eBoSw+F662zrdI=
-27,15,axYm6KnCruQZ4lRGCLp6eqlXo4M=,SH+bw8HaoMnNtRNLCWoLkr6ToqY=
-27,14,axYm6KnCruQZ4lRGCLp6eqlXo4M=,pjptbdikHhLXjEPOUnurr/K/Mh8=
-27,9,axYm6KnCruQZ4lRGCLp6eqlXo4M=,2Vom8zPk6jytJ4RndFemuAIgLJs=
-27,8,axYm6KnCruQZ4lRGCLp6eqlXo4M=,SgSu8jERYY7J34uJ1xRoD0rbDEw=
-27,11,axYm6KnCruQZ4lRGCLp6eqlXo4M=,8rVOw6mlYAUy6ZamtG8zExJDKlI=
-27,10,axYm6KnCruQZ4lRGCLp6eqlXo4M=,3frwBAnY656eXVkNQrseD/1SwE8=
-27,21,axYm6KnCruQZ4lRGCLp6eqlXo4M=,9Vr9/KfaRp+5wZgc1+QHcsJ4xfI=
-27,20,axYm6KnCruQZ4lRGCLp6eqlXo4M=,06NksgTo+xf5MORiI5Jeo5lHnqw=
-27,23,axYm6KnCruQZ4lRGCLp6eqlXo4M=,6+OOGrehNm9X7fPymxtT+Ic6E6Y=
-27,22,axYm6KnCruQZ4lRGCLp6eqlXo4M=,utuXCgn9I8oqOZoK4R3WulqDlJU=
-27,17,axYm6KnCruQZ4lRGCLp6eqlXo4M=,/Bj3hCnD+bwUk/P7ls8Uw4Pnnd4=
-27,16,axYm6KnCruQZ4lRGCLp6eqlXo4M=,7JSLMegr4PxmUAIS/qhgv6wOxw0=
-27,19,axYm6KnCruQZ4lRGCLp6eqlXo4M=,RURRNWwqPy+V5KmJXsSTuqtEGSk=
-27,18,B2YYMtKeQNUr0OMPAEv97wbT21M=,NksGumnh6QeBN543oqINIDtjupo=
-27,24,B2YYMtKeQNUr0OMPAEv97wbT21M=,rKvo/1SPMedX8gqeviDrsCU5Jy8=
-26,6,B2YYMtKeQNUr0OMPAEv97wbT21M=,S5I26/+xizq6rYNGRPv5xiUoU/M=
-26,7,B2YYMtKeQNUr0OMPAEv97wbT21M=,xtqGWunl7YXEk5/nokhWhiEAFwo=
-26,4,B2YYMtKeQNUr0OMPAEv97wbT21M=,KcsT5nAXvvqxL8+x4BWFbYukWgY=
-26,5,B2YYMtKeQNUr0OMPAEv97wbT21M=,xGob/EjDl0/qfAWiWEuhNm4aPIQ=
-26,2,B2YYMtKeQNUr0OMPAEv97wbT21M=,BX+1ppYTcTJbZmjS8AucC3JxHlY=
-26,3,B2YYMtKeQNUr0OMPAEv97wbT21M=,jByIw1WyKgGakplhd4fg+IWj0E4=
-26,0,B2YYMtKeQNUr0OMPAEv97wbT21M=,8KQWomJHDsNx3HvYvN5lJDb924w=
-26,1,B2YYMtKeQNUr0OMPAEv97wbT21M=,BAvBCBwyFGsv2xq0BZaautyr3Sw=
-26,14,B2YYMtKeQNUr0OMPAEv97wbT21M=,a1sEd7tfa+eYQFWcpKWBM23Wxs8=
-26,15,B2YYMtKeQNUr0OMPAEv97wbT21M=,qFSJM35vFqT94COjK9R94ev4RVw=
-26,12,B2YYMtKeQNUr0OMPAEv97wbT21M=,2SjDulTd0lzHSMSvEkGW94zEfHY=
-26,13,B2YYMtKeQNUr0OMPAEv97wbT21M=,gxAVdLJmQjRtTBU4+Er5pNdFzBk=
-26,10,B2YYMtKeQNUr0OMPAEv97wbT21M=,CPL4+NfwFvojWhvbwzURcEEh1vA=
-26,11,87JHdPSsg7KiGX9EvNFMGEP6G1A=,qE3WEW9yQY4q+qskiYn8fAgduag=
-26,8,87JHdPSsg7KiGX9EvNFMGEP6G1A=,WICkbJPDuxZCCnM0eNGyJQ9nSG8=
-26,9,87JHdPSsg7KiGX9EvNFMGEP6G1A=,LIplDc9jCskIcd8VeCzzGyiwMxQ=
-26,22,87JHdPSsg7KiGX9EvNFMGEP6G1A=,kmRtqoz3Ix/+hNETMuSrtnyWmXI=
-26,23,87JHdPSsg7KiGX9EvNFMGEP6G1A=,RA4TQHMxHxlZ5IxrCycqIXXvPew=
-26,20,87JHdPSsg7KiGX9EvNFMGEP6G1A=,1zSpmalN0CA3tefucAmgNSJwz94=
-26,21,87JHdPSsg7KiGX9EvNFMGEP6G1A=,rCA3fRFRq/wzStwlRdxho4F5H88=
-26,18,87JHdPSsg7KiGX9EvNFMGEP6G1A=,NksGumnh6QeBN543oqINIDtjupo=
-26,19,87JHdPSsg7KiGX9EvNFMGEP6G1A=,UDeqN6+Y8ASOw3QgPi/PyEM5+pk=
-26,16,87JHdPSsg7KiGX9EvNFMGEP6G1A=,7JSLMegr4PxmUAIS/qhgv6wOxw0=
-26,17,87JHdPSsg7KiGX9EvNFMGEP6G1A=,/Bj3hCnD+bwUk/P7ls8Uw4Pnnd4=
-26,24,87JHdPSsg7KiGX9EvNFMGEP6G1A=,9ENkN5fm1pZqf+V8kilTlqZUWy8=
-25,7,87JHdPSsg7KiGX9EvNFMGEP6G1A=,yLa0ZDT416Lm4wu07H7LmYpdIa0=
-25,6,87JHdPSsg7KiGX9EvNFMGEP6G1A=,XM7Q2C1G32277+rk2sYDcwYGVN0=
-25,5,87JHdPSsg7KiGX9EvNFMGEP6G1A=,D0iM66hb/zEs99kA5UFZR6W+Z7g=
-25,4,87JHdPSsg7KiGX9EvNFMGEP6G1A=,WxNrGslgxIShpeKCH6s6zWZAabE=
-25,3,87JHdPSsg7KiGX9EvNFMGEP6G1A=,9sBpTP4q/AYDzQzLuhx2tT8OyQE=
-25,2,87JHdPSsg7KiGX9EvNFMGEP6G1A=,gNoASe0CVJpYRBh5v7fct5AbXUk=
-25,1,Pr2gjkb59GVQ/8UITPgjm/GgAEQ=,FsRJTVJZ1eex9BTXOsB3MbIHJLM=
-25,0,Pr2gjkb59GVQ/8UITPgjm/GgAEQ=,Bj++TutBFzotF2rVnuZlZAupJ+g=
-25,15,Pr2gjkb59GVQ/8UITPgjm/GgAEQ=,X1gNEBAnoeAb6ISA8U4Yw4Hjtz8=
-25,14,Pr2gjkb59GVQ/8UITPgjm/GgAEQ=,fUdE7SylNXjw3X/edHNax3c1KU0=
-25,13,Pr2gjkb59GVQ/8UITPgjm/GgAEQ=,caHqxO/YO7YZOrquZthR1nKSyUA=
-25,12,Pr2gjkb59GVQ/8UITPgjm/GgAEQ=,Uv6apbElKPG+H1f6OIaszW5UPu0=
-25,11,Pr2gjkb59GVQ/8UITPgjm/GgAEQ=,LGWG2QYt4oMyDD9EJsJieebVeTQ=
-25,10,Pr2gjkb59GVQ/8UITPgjm/GgAEQ=,hdplRTgiimrOFCsQI3eP4o6TR7E=
-25,9,Pr2gjkb59GVQ/8UITPgjm/GgAEQ=,VC+B1fqi0pIGteTpXkM7745EXbI=
-25,8,Pr2gjkb59GVQ/8UITPgjm/GgAEQ=,RnrLyIWURfVH53cs03z1lghTO+c=
-25,23,Pr2gjkb59GVQ/8UITPgjm/GgAEQ=,Wzoyr64EA+/Xq/Xs5ms/vWFsG6M=
-25,22,Pr2gjkb59GVQ/8UITPgjm/GgAEQ=,/0ADoj95UeIRfAnkntGfmyJhh3Y=
-25,21,Pr2gjkb59GVQ/8UITPgjm/GgAEQ=,LuZlccf888XuXIaUFG/dB0XEXE0=
-25,20,Pr2gjkb59GVQ/8UITPgjm/GgAEQ=,yIGPbG92Pp+LlhLkzE7hiyopQB0=
-25,19,Pr2gjkb59GVQ/8UITPgjm/GgAEQ=,Itl4tv2W5i8csHm5y7lJy2PZYGE=
-25,18,4Cj1egXNmQAb/klehX5ISBvr+10=,+zifwvxVwdLWqW4U9ftrXSEBYY0=
-25,17,4Cj1egXNmQAb/klehX5ISBvr+10=,UVaxKmhL5AL/Y7sJuYiPfj/IcXM=
-25,16,4Cj1egXNmQAb/klehX5ISBvr+10=,WxTUP7GM/SRa9Nce0iWT1hl2aJI=
-25,24,4Cj1egXNmQAb/klehX5ISBvr+10=,9ENkN5fm1pZqf+V8kilTlqZUWy8=
-24,8,4Cj1egXNmQAb/klehX5ISBvr+10=,rh5Z7aiYtw+WSTzGTKGz7q0hUxE=
-24,9,4Cj1egXNmQAb/klehX5ISBvr+10=,d2w1e5eA+uuU0UHqyu1+bq9aKJM=
-24,10,4Cj1egXNmQAb/klehX5ISBvr+10=,d2w1e5eA+uuU0UHqyu1+bq9aKJM=
-24,11,4Cj1egXNmQAb/klehX5ISBvr+10=,d2w1e5eA+uuU0UHqyu1+bq9aKJM=
-24,12,4Cj1egXNmQAb/klehX5ISBvr+10=,d2w1e5eA+uuU0UHqyu1+bq9aKJM=
-24,13,4Cj1egXNmQAb/klehX5ISBvr+10=,d2w1e5eA+uuU0UHqyu1+bq9aKJM=
-24,14,4Cj1egXNmQAb/klehX5ISBvr+10=,4F90p76EwZMtagoymqLoy4B7+I4=
-24,15,4Cj1egXNmQAb/klehX5ISBvr+10=,i0fQhHonXfO+nWdFQHjWK4SPgJY=
-24,0,4Cj1egXNmQAb/klehX5ISBvr+10=,LweZ7C8koQg9fDu2KXVjCeP0Gh4=
-24,1,4Cj1egXNmQAb/klehX5ISBvr+10=,ngJv2WLHqTn8Pf7mY2Wc+Eb8mjk=
-24,2,4Cj1egXNmQAb/klehX5ISBvr+10=,avF0n42hinwDLiauNxSN8W82eh0=
-24,3,4Cj1egXNmQAb/klehX5ISBvr+10=,avF0n42hinwDLiauNxSN8W82eh0=
-24,4,4Cj1egXNmQAb/klehX5ISBvr+10=,J2km9AdBkuU/nU1gvj6GjbEtbVU=
-24,5,4Cj1egXNmQAb/klehX5ISBvr+10=,gFHx7QxAD6il2+g/5uOlgoPT04s=
-24,6,4Cj1egXNmQAb/klehX5ISBvr+10=,Gq1eS7iQn/aNMMahwawM0HMwfQE=
-24,7,4Cj1egXNmQAb/klehX5ISBvr+10=,P+rcp8oGlsszDp02XTJmsmhshEU=
-24,24,4Cj1egXNmQAb/klehX5ISBvr+10=,GpX8pTGznmri/TyaE2XUsL8TnsU=
-24,16,SOVZ1xQUnz09BZzkNCTdNIHAKE4=,fQBH7PQNcIgKVd0chtfTFrOP8hk=
-24,17,SOVZ1xQUnz09BZzkNCTdNIHAKE4=,AajW9QuTVcfRdhKDfqlUfRVlfVA=
-24,18,SOVZ1xQUnz09BZzkNCTdNIHAKE4=,BHfu3XXDgnPm5pAP6Bf01w/s9ZU=
-24,19,SOVZ1xQUnz09BZzkNCTdNIHAKE4=,4fQ6ch5/WFdnBNx2IHaEaynwaCA=
-24,20,SOVZ1xQUnz09BZzkNCTdNIHAKE4=,qiR9jjZLEbmL8xiveetFoG4msxs=
-24,21,SOVZ1xQUnz09BZzkNCTdNIHAKE4=,IDyeP7Q56qfb88yIiXKE9JHN2UY=
-24,22,SOVZ1xQUnz09BZzkNCTdNIHAKE4=,4Bf/8QFtLmkFFC9eZtY7bh1avks=
-24,23,SOVZ1xQUnz09BZzkNCTdNIHAKE4=,BQm0SK7qThhqOX2wIlVrbPolo6A=
-23,9,SOVZ1xQUnz09BZzkNCTdNIHAKE4=,u/jzMnmkRxOPxRUW2LgcumWrbM0=
-23,8,SOVZ1xQUnz09BZzkNCTdNIHAKE4=,fIwysDuR+a7utnokppyee6C79kc=
-23,11,SOVZ1xQUnz09BZzkNCTdNIHAKE4=,6veleiltHN3UJvMLZm/U6nTrIRQ=
-23,10,SOVZ1xQUnz09BZzkNCTdNIHAKE4=,6veleiltHN3UJvMLZm/U6nTrIRQ=
-23,13,SOVZ1xQUnz09BZzkNCTdNIHAKE4=,Y/q/uZ/utcbBW42rIR38jZ204K8=
-23,12,SOVZ1xQUnz09BZzkNCTdNIHAKE4=,4eeyO/7S+rVRHai+DDaGH+lWi+M=
-23,15,SOVZ1xQUnz09BZzkNCTdNIHAKE4=,i0fQhHonXfO+nWdFQHjWK4SPgJY=
-23,14,SOVZ1xQUnz09BZzkNCTdNIHAKE4=,UolpGQnVTfAE7Sypm67s8uUUm/U=
-23,1,SOVZ1xQUnz09BZzkNCTdNIHAKE4=,CPRl7LYugvHy353x+LEcMtuLihk=
-23,0,SOVZ1xQUnz09BZzkNCTdNIHAKE4=,xFttfaeeXjj+08RHoEnEg7ENnAc=
-23,3,SOVZ1xQUnz09BZzkNCTdNIHAKE4=,CPRl7LYugvHy353x+LEcMtuLihk=
-23,2,SOVZ1xQUnz09BZzkNCTdNIHAKE4=,CPRl7LYugvHy353x+LEcMtuLihk=
-23,5,SOVZ1xQUnz09BZzkNCTdNIHAKE4=,GSsf711aK0buCW/2HvmrA5qsTc0=
-23,4,SOVZ1xQUnz09BZzkNCTdNIHAKE4=,RcODwl57FEX111X0fP/dLSoXqSc=
-23,7,SOVZ1xQUnz09BZzkNCTdNIHAKE4=,bTvGmuiwaFGGAgKUWk4F9rhz+nM=
-23,6,SOVZ1xQUnz09BZzkNCTdNIHAKE4=,GSsf711aK0buCW/2HvmrA5qsTc0=
-23,24,SOVZ1xQUnz09BZzkNCTdNIHAKE4=,GpX8pTGznmri/TyaE2XUsL8TnsU=
-23,17,XrzyjdYzaUZv1jU/R6Y3FVlRsY0=,oiBKEow0Cr78hKNOEkdukeP+zwc=
-23,16,XrzyjdYzaUZv1jU/R6Y3FVlRsY0=,xJ0LsKEFJh5mZbSkXIs2KffFTZ8=
-23,19,XrzyjdYzaUZv1jU/R6Y3FVlRsY0=,x+fP/EXQIA8Em2d9Hn92uOCEV2M=
-23,18,XrzyjdYzaUZv1jU/R6Y3FVlRsY0=,fuatWOy/MQo2k0EGKw5Pilq9F44=
-23,21,XrzyjdYzaUZv1jU/R6Y3FVlRsY0=,Oy0SXZ+ROr+sjv8+z4aDvCgXpVk=
-23,20,XrzyjdYzaUZv1jU/R6Y3FVlRsY0=,Vy2mjj8cDn+gQNF+K2TauwD/oJE=
-23,23,XrzyjdYzaUZv1jU/R6Y3FVlRsY0=,VaqqBr1yR3jOHcauahWQs76mxGc=
-23,22,XrzyjdYzaUZv1jU/R6Y3FVlRsY0=,/xscA9dMndVKzWTDQX2yGyeDwVM=
-22,10,XrzyjdYzaUZv1jU/R6Y3FVlRsY0=,uNfc8C7lx8/O5NWag4PeggFuM2o=
-22,11,XrzyjdYzaUZv1jU/R6Y3FVlRsY0=,uNfc8C7lx8/O5NWag4PeggFuM2o=
-22,8,XrzyjdYzaUZv1jU/R6Y3FVlRsY0=,fIwysDuR+a7utnokppyee6C79kc=
-22,9,XrzyjdYzaUZv1jU/R6Y3FVlRsY0=,1ms1erfDBdWAuHrFs9VlBcIor5U=
-22,14,XrzyjdYzaUZv1jU/R6Y3FVlRsY0=,p1BUzA5s6wcIvzQWedQu9wJ6a+k=
-22,15,XrzyjdYzaUZv1jU/R6Y3FVlRsY0=,VNVvf101CGIqKQEyOAPczvc1Cdg=
-22,12,XrzyjdYzaUZv1jU/R6Y3FVlRsY0=,WmmchbKcpIdYkoXUZeCJQKOdP+A=
-22,13,XrzyjdYzaUZv1jU/R6Y3FVlRsY0=,Z+qRL4e/YlJuxq53On3Qikuvxrk=
-22,2,XrzyjdYzaUZv1jU/R6Y3FVlRsY0=,yveAz45+QXK5G8eog+R5WdkO6hQ=
-22,3,XrzyjdYzaUZv1jU/R6Y3FVlRsY0=,gpqfNi5NYYyp4lj2LCE4RGasE5g=
-22,0,XrzyjdYzaUZv1jU/R6Y3FVlRsY0=,q9bP5KL00LMrHwb8heO7GAkWi3o=
-22,1,XrzyjdYzaUZv1jU/R6Y3FVlRsY0=,jiyqcp4DYLtl2vcBhHybYmZFjMc=
-22,6,Woppb1cR75HoTJqi2C4vVuz3Rt0=,tykqe9LJ4t4DPwtfAzNzQUnHJeU=
-22,7,Woppb1cR75HoTJqi2C4vVuz3Rt0=,bTvGmuiwaFGGAgKUWk4F9rhz+nM=
-22,4,Woppb1cR75HoTJqi2C4vVuz3Rt0=,mpJfMsK/l/0vEWJMfRyFdeNz7JM=
-22,5,Woppb1cR75HoTJqi2C4vVuz3Rt0=,aygu3bcDc+uEgCgrvCkBCW6555U=
-22,24,Woppb1cR75HoTJqi2C4vVuz3Rt0=,GpX8pTGznmri/TyaE2XUsL8TnsU=
-22,18,Woppb1cR75HoTJqi2C4vVuz3Rt0=,k3r81CFCNFzP8Wqxs9Rq2bY32/o=
-22,19,Woppb1cR75HoTJqi2C4vVuz3Rt0=,mD5D9ojyS5Qh7OQ6bzFrAduJS5Y=
-22,16,Woppb1cR75HoTJqi2C4vVuz3Rt0=,xJ0LsKEFJh5mZbSkXIs2KffFTZ8=
-22,17,Woppb1cR75HoTJqi2C4vVuz3Rt0=,oiBKEow0Cr78hKNOEkdukeP+zwc=
-22,22,Woppb1cR75HoTJqi2C4vVuz3Rt0=,/xscA9dMndVKzWTDQX2yGyeDwVM=
-22,23,Woppb1cR75HoTJqi2C4vVuz3Rt0=,/xscA9dMndVKzWTDQX2yGyeDwVM=
-22,20,NAXm6IgdbN5QCyhkDjX2ankMuNs=,SnWLZDtW2FFzRfWqzTxenEGZxxw=
-22,21,NAXm6IgdbN5QCyhkDjX2ankMuNs=,Oy0SXZ+ROr+sjv8+z4aDvCgXpVk=
-21,11,NAXm6IgdbN5QCyhkDjX2ankMuNs=,SUsejr0SIz4QbBMGB2ZEicE6GH8=
-21,10,NAXm6IgdbN5QCyhkDjX2ankMuNs=,TYr61VHZnpIo7/0K8exQcwFfZgU=
-21,9,NAXm6IgdbN5QCyhkDjX2ankMuNs=,F8WbpONkKOz3t5URl9MI3vqgaec=
-21,8,NAXm6IgdbN5QCyhkDjX2ankMuNs=,IGPFEdRWOr/rbVDQMIwqmo5MD8o=
-21,15,NAXm6IgdbN5QCyhkDjX2ankMuNs=,vlw575Fnbt7eNXpuOj1CQQEatZQ=
-21,14,NAXm6IgdbN5QCyhkDjX2ankMuNs=,nK3L14cGnsWvRW3lDYzCUeV7ePc=
-21,13,NAXm6IgdbN5QCyhkDjX2ankMuNs=,CPjd0GO+LdBtqfKnCH9UqqL0qUM=
-21,12,NAXm6IgdbN5QCyhkDjX2ankMuNs=,kYhL+ZNdAZePyBSw4pvGBNulmv8=
-21,3,NAXm6IgdbN5QCyhkDjX2ankMuNs=,dvex0iM2IpxAPepXgiHJCfAOcE0=
-21,2,NAXm6IgdbN5QCyhkDjX2ankMuNs=,mfuw2//9hCGmj5PAChIzdZGkr6I=
-21,1,NAXm6IgdbN5QCyhkDjX2ankMuNs=,vtOIMVepTf3kqqW/qXINfWAEMyU=
-21,0,NAXm6IgdbN5QCyhkDjX2ankMuNs=,1MvXYIXxQgH9j4//ji2XwAq1/Qk=
-21,7,NAXm6IgdbN5QCyhkDjX2ankMuNs=,1qWNSAmnuS66WIeqxXGwA+1HLRg=
-21,6,NAXm6IgdbN5QCyhkDjX2ankMuNs=,tk0hQ1Onula+4DCgXHJpddDNLU4=
-21,5,NAXm6IgdbN5QCyhkDjX2ankMuNs=,I2d33f92k6PAlKlhp819i7OMtTI=
-21,4,NAXm6IgdbN5QCyhkDjX2ankMuNs=,N7q/OmtyzpmGISsg3N4jxD7oGUQ=
-21,24,NAXm6IgdbN5QCyhkDjX2ankMuNs=,xeuMLwSjHabEsu7BKjGVhYXDbtY=
-21,19,om33YNduvPWVoAcbZtVrlapPV+U=,h4PXsQlbIF2/qo0FWWaUnarJZBI=
-21,18,om33YNduvPWVoAcbZtVrlapPV+U=,TFfJSZU8SuHyH/7l/WIFGguI900=
-21,17,om33YNduvPWVoAcbZtVrlapPV+U=,ETqZCXBIGBcDurUhjerPj6GUnP8=
-21,16,om33YNduvPWVoAcbZtVrlapPV+U=,0xD04/Qixc8/nCs3MtKEOu/faWM=
-21,23,om33YNduvPWVoAcbZtVrlapPV+U=,eZUwsKkBCFGET5XGk6+gkznImqo=
-21,22,om33YNduvPWVoAcbZtVrlapPV+U=,OjTg99BaFicu0zwh/G2LQ9mujgQ=
-21,21,om33YNduvPWVoAcbZtVrlapPV+U=,RGmywoFU9iLoZfhlCCq7LyuHBBg=
-21,20,om33YNduvPWVoAcbZtVrlapPV+U=,B/X6R1gPdNz4Rb7s154YTC58ODc=
-20,12,om33YNduvPWVoAcbZtVrlapPV+U=,tRLkbucazimeSQeSiQN67wzN+6U=
-20,13,om33YNduvPWVoAcbZtVrlapPV+U=,amrtz8k/5NLJpKpb6heFyG516A0=
-20,14,om33YNduvPWVoAcbZtVrlapPV+U=,ZSYcTdTUhNHSxjhnwdPHdLvhHNk=
-20,15,om33YNduvPWVoAcbZtVrlapPV+U=,C/LWjKtOV6ATsbSPNHtDjTlK/HY=
-20,8,om33YNduvPWVoAcbZtVrlapPV+U=,0viG8uvVidNRV0taaMsehKPfOjY=
-20,9,om33YNduvPWVoAcbZtVrlapPV+U=,lThv+CfMEhWBf8i7XOHCgAasBqM=
-20,10,om33YNduvPWVoAcbZtVrlapPV+U=,/ys2OVOWwgI+DETjr6CgxFBdtFw=
-20,11,kIngbhYKAKfNt9s2Ac42xhtYc5U=,hUqoz03GbrxtM6HwKyxqG+2r8yE=
-20,4,kIngbhYKAKfNt9s2Ac42xhtYc5U=,bVwRXE/KDS4T4koS8FbdFkgUGy4=
-20,5,kIngbhYKAKfNt9s2Ac42xhtYc5U=,8S/DFVagl46E+6o6kaEiEfI/8kw=
-20,6,kIngbhYKAKfNt9s2Ac42xhtYc5U=,WZv/1z31G7N80KV29bYdutzmBEo=
-20,7,kIngbhYKAKfNt9s2Ac42xhtYc5U=,WGpvExZo3cuxQ2rxmjtn0fARd70=
-20,0,kIngbhYKAKfNt9s2Ac42xhtYc5U=,O2/GbvVlM201JAozCnrlRZo3FjE=
-20,1,kIngbhYKAKfNt9s2Ac42xhtYc5U=,1eB5L/lb7kz9NA0in9wqlbFZQs0=
-20,2,kIngbhYKAKfNt9s2Ac42xhtYc5U=,EPGaIIwwOUGDUH/ylNphz5PCzwk=
-20,3,kIngbhYKAKfNt9s2Ac42xhtYc5U=,vI107FbOukFe+c/EOjafyyVi3p8=
-20,24,kIngbhYKAKfNt9s2Ac42xhtYc5U=,5Ulb8hEGJxLZVytl67TxIPpKolk=
-20,20,kIngbhYKAKfNt9s2Ac42xhtYc5U=,gxGUPzUq9ZJRTOIgB+nviCKNZ4U=
-20,21,kIngbhYKAKfNt9s2Ac42xhtYc5U=,NcM8d1bMXDNp9n5uLNTvgNeExyQ=
-20,22,kIngbhYKAKfNt9s2Ac42xhtYc5U=,hS0f7MK6y5qBBBfbufO36iGlM1s=
-20,23,jkOiJUOFTWWXYC9gkeSw215XmpM=,tEkAvkHcX0vc3KqTPtMiVGueALY=
-20,16,jkOiJUOFTWWXYC9gkeSw215XmpM=,rmLMDxs8+e5pAr3fV8ZTZKD+gB0=
-20,17,jkOiJUOFTWWXYC9gkeSw215XmpM=,siNokDlLC68FOMy8RLlP/a9uvdY=
-20,18,jkOiJUOFTWWXYC9gkeSw215XmpM=,mO6DzWi/teAAG068ujo24jttxEQ=
-20,19,jkOiJUOFTWWXYC9gkeSw215XmpM=,gxGUPzUq9ZJRTOIgB+nviCKNZ4U=
-19,13,jkOiJUOFTWWXYC9gkeSw215XmpM=,0djGv/VBgHUU0krR0ZM/w5eppqE=
-19,12,jkOiJUOFTWWXYC9gkeSw215XmpM=,ZVx/+BbrY+o+n6WUDzjM+NaCqOA=
-19,15,jkOiJUOFTWWXYC9gkeSw215XmpM=,jE9//tW0J2FJU9v7pMHSYFjLlik=
-19,14,jkOiJUOFTWWXYC9gkeSw215XmpM=,eibuveOtrLn7iz1u1eQGKhez6MQ=
-19,9,jkOiJUOFTWWXYC9gkeSw215XmpM=,n9Hzc9skOA+NoVh/l1zFRBeocgs=
-19,8,jkOiJUOFTWWXYC9gkeSw215XmpM=,7upsTvfu5vfg9d5nHmt9Rv0y0Q8=
-19,11,jkOiJUOFTWWXYC9gkeSw215XmpM=,npxHMXxUjIWidRgWtMWAt+G6aO0=
-19,10,B910dvcdAi/pai9xDP4f2U/cn6k=,+fWDjc2trQA/HP/2b/fnxEVKNfE=
-19,5,B910dvcdAi/pai9xDP4f2U/cn6k=,Sqb0s3eJsZkDGpNZXKPcsE5N5us=
-19,4,B910dvcdAi/pai9xDP4f2U/cn6k=,xGAwMsCiaJajoyS2LGnxeVWnr9k=
-19,7,B910dvcdAi/pai9xDP4f2U/cn6k=,rcIa2uqxKdmjBAumI4TXQcg8fN4=
-19,6,B910dvcdAi/pai9xDP4f2U/cn6k=,TRogI4MwIxu72fpMNjC0WUtZ7cw=
-19,1,B910dvcdAi/pai9xDP4f2U/cn6k=,CUNKx7+wYI81cR06zsxDp+A3ehs=
-19,0,B910dvcdAi/pai9xDP4f2U/cn6k=,XooLnD8w4kdWEO06cxt70OC25t0=
-19,3,B910dvcdAi/pai9xDP4f2U/cn6k=,3B0d2NjOdW5VzukxBu0sT4B9EEs=
-19,2,B910dvcdAi/pai9xDP4f2U/cn6k=,kGKB1/9HC4PVDUT5QqSh/iCHyxI=
-19,24,B910dvcdAi/pai9xDP4f2U/cn6k=,RIGW62YgavpTGompbLLb5/70faI=
-19,21,3HiiFQh7HZSUu5ctC0L1jg++beA=,4LBRQaRc7X9X5rAfu4WaHsUj4pA=
-19,20,3HiiFQh7HZSUu5ctC0L1jg++beA=,kvtrqIVrBMaA5sXzpu79mafhGPE=
-19,23,3HiiFQh7HZSUu5ctC0L1jg++beA=,lQgWn57q4POAfTAsJn4BNTpsyoI=
-19,22,3HiiFQh7HZSUu5ctC0L1jg++beA=,aCR9eN2IkhJ04DHwrxH+u1a8hWg=
-19,17,3HiiFQh7HZSUu5ctC0L1jg++beA=,KA8wTK/sEpy+u3M4yNamhH55rfo=
-19,16,3HiiFQh7HZSUu5ctC0L1jg++beA=,/PvaP8ZIzNGt8LiOUPUobcCxn3s=
-19,19,3HiiFQh7HZSUu5ctC0L1jg++beA=,rWskru7tUWJfvlgrWwwTrtdWvkI=
-19,18,3HiiFQh7HZSUu5ctC0L1jg++beA=,PfUoFaJ0VDAF1P06xbsHIdQwKLc=
-18,14,3HiiFQh7HZSUu5ctC0L1jg++beA=,zwHEWMY66/0b/glN4FFImSpVP7I=
-18,15,3HiiFQh7HZSUu5ctC0L1jg++beA=,DRQlgk2Y8B7IjWIJp+wnN9hAK6Y=
-18,12,3HiiFQh7HZSUu5ctC0L1jg++beA=,ZVx/+BbrY+o+n6WUDzjM+NaCqOA=
-18,13,3HiiFQh7HZSUu5ctC0L1jg++beA=,Fn3sU5NxhTl7J+1KNLz528gX9BM=
-18,10,oPXb2OleF4DeYyUQU1YHs+cgo9I=,dExbMbxBbSReVjPOgq8DvmTC8Vk=
-18,11,oPXb2OleF4DeYyUQU1YHs+cgo9I=,+fWDjc2trQA/HP/2b/fnxEVKNfE=
-18,8,oPXb2OleF4DeYyUQU1YHs+cgo9I=,hH2CSimFF6lzvQclrzCGkCoFfLI=
-18,9,oPXb2OleF4DeYyUQU1YHs+cgo9I=,Tjrpxf7Yj4Y0r4HeXr+xVu17pDA=
-18,6,oPXb2OleF4DeYyUQU1YHs+cgo9I=,Mf62riuKTCtBMb8hNZL5EkQ9VbE=
-18,7,oPXb2OleF4DeYyUQU1YHs+cgo9I=,rcIa2uqxKdmjBAumI4TXQcg8fN4=
-18,4,oPXb2OleF4DeYyUQU1YHs+cgo9I=,4m68xPMXk8hop0sJBmA8iRZg+aI=
-18,5,oPXb2OleF4DeYyUQU1YHs+cgo9I=,Z7fSJ4zpwk0hTUM4h6nH3wUSr1c=
-18,2,oPXb2OleF4DeYyUQU1YHs+cgo9I=,arOAtmWXhzjHEypsuzfkDS3XVbk=
-18,3,oPXb2OleF4DeYyUQU1YHs+cgo9I=,edui47DnAV40g9VSjURQ4PQYWxM=
-18,0,oPXb2OleF4DeYyUQU1YHs+cgo9I=,0VqzN0ugn35PRLrE+6QEfK/Wp3M=
-18,1,F9hQCoqgfJHENdeiKc747CCAbB0=,EI3bdFj6PvU/s2/lPKd6dTg3JdE=
-18,24,F9hQCoqgfJHENdeiKc747CCAbB0=,XLosDfH3D4osItPblHRj7/uxaN8=
-18,22,F9hQCoqgfJHENdeiKc747CCAbB0=,1Odw9ZnwepOMVCBGpfYPQYNhmpg=
-18,23,F9hQCoqgfJHENdeiKc747CCAbB0=,oWkRy3UHcOVMvrLlg2fmztd9n/Q=
-18,20,F9hQCoqgfJHENdeiKc747CCAbB0=,dZto9CcT1/QXZRSa88xo1qyPkz4=
-18,21,F9hQCoqgfJHENdeiKc747CCAbB0=,Ec3u42jr4JJRyw89uZ/YbTSAJCk=
-18,18,F9hQCoqgfJHENdeiKc747CCAbB0=,ppXh9luKJGkwTHo2VlWwsnZN0+w=
-18,19,F9hQCoqgfJHENdeiKc747CCAbB0=,j+Sho/2Q3/Hrx9AUMh2hP0ubRKU=
-18,16,F9hQCoqgfJHENdeiKc747CCAbB0=,7VZ4uhzXJkPJtP0r50GVYpXw1fE=
-18,17,F9hQCoqgfJHENdeiKc747CCAbB0=,pG/f4cA0JI5mv3/onCZN0uudues=
-17,15,F9hQCoqgfJHENdeiKc747CCAbB0=,NEkfiBrQLiCU4May2vUAcItdrK0=
-17,14,F9hQCoqgfJHENdeiKc747CCAbB0=,Yzg6mMoBTOkB6S5BABIzwd0ygH8=
-17,13,F9hQCoqgfJHENdeiKc747CCAbB0=,kTP2i6f+GQiRqGv+m1K0S5VICII=
-17,12,F9hQCoqgfJHENdeiKc747CCAbB0=,l4z9Mx2KhTIF85NK71ax1Vgmdyw=
-17,11,F9hQCoqgfJHENdeiKc747CCAbB0=,PSwf7QA8C5m7baOiGXHw/AWVGTk=
-17,10,lbbtoOk3oJRQbtIGDBM/4NfY2nc=,rTmvVukozEw5P1pF+mBLo8/3d9U=
-17,9,lbbtoOk3oJRQbtIGDBM/4NfY2nc=,objPaybGb9rfWH7iDovd8b7gW5I=
-17,8,lbbtoOk3oJRQbtIGDBM/4NfY2nc=,K5PTwgWdeLj0WRs8SDlG8oGyTSM=
-17,7,lbbtoOk3oJRQbtIGDBM/4NfY2nc=,2rTSq8GLhMdWpHKxr5FDY4jth7I=
-17,6,lbbtoOk3oJRQbtIGDBM/4NfY2nc=,KuBVJ0OQg3C20z3mxgwXl41uld8=
-17,5,lbbtoOk3oJRQbtIGDBM/4NfY2nc=,skrTdsUiL3Ul3xOw8Pz3UWaCiuA=
-17,4,lbbtoOk3oJRQbtIGDBM/4NfY2nc=,XEp95C8iuj4THRmsj6lrnnw8Ifg=
-17,3,lbbtoOk3oJRQbtIGDBM/4NfY2nc=,4Gi8Mq5OJjW8sDvn+tr+igf5NHg=
-17,2,lbbtoOk3oJRQbtIGDBM/4NfY2nc=,Xo3j2cBtBe5pIl6rWgaOvZMKRuA=
-17,1,lbbtoOk3oJRQbtIGDBM/4NfY2nc=,fKJSKpse4gEvf5EVDSCIDfUwHcA=
-17,0,lbbtoOk3oJRQbtIGDBM/4NfY2nc=,H04T7HcHMX4SiawBF9QIgNelhGk=
-17,24,lbbtoOk3oJRQbtIGDBM/4NfY2nc=,kl4t1yi9rTmCpzDq06hp9C7Mu24=
-17,23,lbbtoOk3oJRQbtIGDBM/4NfY2nc=,ctlL016CPRJJTFAMQrvkWLrBqb4=
-17,22,lbbtoOk3oJRQbtIGDBM/4NfY2nc=,dn2DnMvHk7fM/kCeSLVd+Kz0KLo=
-17,21,aQfeCCxbmIbBpHtis+gyTEvZ2ZY=,vpFxWpQt7kJAvZSG2DN4ZJxTGbw=
-17,20,aQfeCCxbmIbBpHtis+gyTEvZ2ZY=,M+zKn8K91Frv3dvyDWvGv7TybgU=
-17,19,aQfeCCxbmIbBpHtis+gyTEvZ2ZY=,RFqIuIVIWLf/pH1t67oYT65bWI4=
-17,18,aQfeCCxbmIbBpHtis+gyTEvZ2ZY=,X5nayjgj+Jsp1Z/AZaqtqmJgXCg=
-17,17,aQfeCCxbmIbBpHtis+gyTEvZ2ZY=,XrmPSnNS3lpZ0yY1El1zcMGMoEs=
-17,16,aQfeCCxbmIbBpHtis+gyTEvZ2ZY=,A9qezQNzWAEq4S2eu7t7YDv4whw=
-16,16,aQfeCCxbmIbBpHtis+gyTEvZ2ZY=,mCgmmiyZKVBkWeHIDw5xkWjZyW8=
-16,17,aQfeCCxbmIbBpHtis+gyTEvZ2ZY=,AJCJj1uiFfzC1bbyNpvaS/OSU/Q=
-16,18,aQfeCCxbmIbBpHtis+gyTEvZ2ZY=,Y9hUKGszlcE4Vv2pzG3Wydttcu8=
-16,19,aQfeCCxbmIbBpHtis+gyTEvZ2ZY=,m7PvEpimngUJF1hpY7GilHqbYyo=
-16,20,aQfeCCxbmIbBpHtis+gyTEvZ2ZY=,vpK2TzednWgbVCBar+kVASLt9mA=
-16,21,aQfeCCxbmIbBpHtis+gyTEvZ2ZY=,HEsNWbaIFrQuOPGrCqO+nOdVQOU=
-16,22,aQfeCCxbmIbBpHtis+gyTEvZ2ZY=,e1csVwxPi4nHy8k97qEMS5M6+xY=
-16,23,aQfeCCxbmIbBpHtis+gyTEvZ2ZY=,3jU1ib4oPIHJ3gBXQP9KNgs39DQ=
-16,24,aQfeCCxbmIbBpHtis+gyTEvZ2ZY=,HGpeq72YtCQggG5txWL1bdG09BU=
-16,0,Nu4Cug8t1GrChCG/3uZ0tmgoe3c=,F7Cb16jtSteKM2xLOGjH/V+ljRI=
-16,1,Nu4Cug8t1GrChCG/3uZ0tmgoe3c=,TuUkGnht0N+4MpxKFJqbrKT5gvU=
-16,2,Nu4Cug8t1GrChCG/3uZ0tmgoe3c=,yv+p2VRHyaQ7g+T6+WBPaSuiU3k=
-16,3,Nu4Cug8t1GrChCG/3uZ0tmgoe3c=,I6cSwZtvgvTF02vR4Iy/XtdXRBE=
-16,4,Nu4Cug8t1GrChCG/3uZ0tmgoe3c=,YujyXjFLD9GaAiokCFVdX31aIeE=
-16,5,Nu4Cug8t1GrChCG/3uZ0tmgoe3c=,YujyXjFLD9GaAiokCFVdX31aIeE=
-16,6,Nu4Cug8t1GrChCG/3uZ0tmgoe3c=,mc/AwyasdsY4mG/J9kUcB9xJBTc=
-16,7,Nu4Cug8t1GrChCG/3uZ0tmgoe3c=,jY2/CTp9gYmA2r7oCkLmz+oinW8=
-16,8,Nu4Cug8t1GrChCG/3uZ0tmgoe3c=,QXKOHg48V0Q/jAtXWz89Pe8ssY0=
-16,9,Nu4Cug8t1GrChCG/3uZ0tmgoe3c=,G4zJXrw9BSXSVoRsUbISfcUc2PA=
-16,10,Nu4Cug8t1GrChCG/3uZ0tmgoe3c=,aqh3kvT4lT+zFQA6mE+aVVgrp5E=
-16,11,Nu4Cug8t1GrChCG/3uZ0tmgoe3c=,pCockRo2rvYavUjYA9M4I1zWehg=
-16,12,Nu4Cug8t1GrChCG/3uZ0tmgoe3c=,4gUBYsaSlFS17+yPYKTuWVr1gwU=
-16,13,Nu4Cug8t1GrChCG/3uZ0tmgoe3c=,4gUBYsaSlFS17+yPYKTuWVr1gwU=
-16,14,Nu4Cug8t1GrChCG/3uZ0tmgoe3c=,4SiePz+gmuTqGVcv1NQqFka2YGs=
-16,15,Nu4Cug8t1GrChCG/3uZ0tmgoe3c=,dob5K0Rvov+tjpKt/s1PWnkA1I4=
-15,17,Nu4Cug8t1GrChCG/3uZ0tmgoe3c=,tNC5X5t3zIvb6OTBHKDnMeVHDLc=
-15,16,Nu4Cug8t1GrChCG/3uZ0tmgoe3c=,XFdpMoDn3RyGa/MFHQH6CB+8clA=
-15,19,Mn1S4bL9ZZ9TYljzMnlz2jb1uoY=,vs6GSJOHM4S4j0wVuKpgwjndVgc=
-15,18,Mn1S4bL9ZZ9TYljzMnlz2jb1uoY=,RbKWlNganUHcNrQiJiWLQhw0nn4=
-15,21,Mn1S4bL9ZZ9TYljzMnlz2jb1uoY=,ppUpZ/Bwrs/8Bhc7Y3K2nenjE0c=
-15,20,Mn1S4bL9ZZ9TYljzMnlz2jb1uoY=,lGQds6Mh6pIcSG4FNLS5zE2aDxM=
-15,23,Mn1S4bL9ZZ9TYljzMnlz2jb1uoY=,ntYihwU5zl4KGAlZyWKdkT2sGO8=
-15,22,Mn1S4bL9ZZ9TYljzMnlz2jb1uoY=,AbXqlcDmxtK8jsPCSRivvRinv0I=
-15,24,Mn1S4bL9ZZ9TYljzMnlz2jb1uoY=,HGpeq72YtCQggG5txWL1bdG09BU=
-15,1,Mn1S4bL9ZZ9TYljzMnlz2jb1uoY=,ulmdVm3NAjRJIwIsJ+LUGgE4uDc=
-15,0,Mn1S4bL9ZZ9TYljzMnlz2jb1uoY=,qpAmh6Klnc8fFsoSUBIwLwsmb5o=
-15,3,Mn1S4bL9ZZ9TYljzMnlz2jb1uoY=,6G9RmGSsF6stsRit/jDrd962vSc=
-15,2,Mn1S4bL9ZZ9TYljzMnlz2jb1uoY=,aMNd2b/kfaekEhP+NDf3G5oVstY=
-15,5,Mn1S4bL9ZZ9TYljzMnlz2jb1uoY=,p53Yx9jh0La1naaXWCZill32yi0=
-15,4,axp6AG0QdyE1A+bqsWnu1SmtIPM=,oWyoy6cAkE6Ok4ofSt5X7D6bJYU=
-15,7,axp6AG0QdyE1A+bqsWnu1SmtIPM=,Kn+b7iJNRtxJFhEeLdsXFvBctKM=
-15,6,axp6AG0QdyE1A+bqsWnu1SmtIPM=,mu/Ocjr1eM4aR2DwOSjbkuix5cE=
-15,9,axp6AG0QdyE1A+bqsWnu1SmtIPM=,vaxyT4fZDVz2q1q63xDFxZwM2Sc=
-15,8,axp6AG0QdyE1A+bqsWnu1SmtIPM=,L5T8tsCA7VoiCr3gaWHFbc1SkEg=
-15,11,axp6AG0QdyE1A+bqsWnu1SmtIPM=,fZSgylghou81mBARc0xdcairXqc=
-15,10,axp6AG0QdyE1A+bqsWnu1SmtIPM=,plGSlU4d66BlS3eu+W6uBA6plJM=
-15,13,axp6AG0QdyE1A+bqsWnu1SmtIPM=,2FV26HjawteCzBymj14D5Smq7j4=
-15,12,axp6AG0QdyE1A+bqsWnu1SmtIPM=,7Ad1y1i7yOKLZnLYVvFtTBI+530=
-15,15,axp6AG0QdyE1A+bqsWnu1SmtIPM=,O48UQK/TMX0IlBN+7MLkvaDV728=
-15,14,axp6AG0QdyE1A+bqsWnu1SmtIPM=,M/U4xV/g3rJKiUqU4Jiwa99C9Lg=
-14,18,axp6AG0QdyE1A+bqsWnu1SmtIPM=,nvgowDTtJS0HSZPUHltlBSlU7QY=
-14,19,axp6AG0QdyE1A+bqsWnu1SmtIPM=,HGpeq72YtCQggG5txWL1bdG09BU=
-14,16,axp6AG0QdyE1A+bqsWnu1SmtIPM=,a6zgRWSuAxPmbNY8/KRY5eUmrqg=
-14,17,axp6AG0QdyE1A+bqsWnu1SmtIPM=,+ymrBeM6X+fNv2YQq/Wuiv1T+RI=
-14,22,zxRvtmynB894vozCREOScFQD4X8=,QSQe82L/bUBv5RmmxM3RUstL+NU=
-14,23,zxRvtmynB894vozCREOScFQD4X8=,VWTyIhf40DBEmIFGsilNK/DdQt0=
-14,20,zxRvtmynB894vozCREOScFQD4X8=,FNzaXkPAizlbfQNd/1bqoIgM1mA=
-14,21,zxRvtmynB894vozCREOScFQD4X8=,RdqSQXCDv5eTQDdKjaPreSziG28=
-14,24,zxRvtmynB894vozCREOScFQD4X8=,HGpeq72YtCQggG5txWL1bdG09BU=
-14,2,zxRvtmynB894vozCREOScFQD4X8=,xUwUiciw2A7tYZvOd2H6/IOSMTE=
-14,3,zxRvtmynB894vozCREOScFQD4X8=,Dzr3aFDe2ND6sqnXnY5P2DCqEJU=
-14,0,zxRvtmynB894vozCREOScFQD4X8=,SM0s8EN9j0ZB1fnSXg6eBvBs70g=
-14,1,zxRvtmynB894vozCREOScFQD4X8=,j737dyAmXHaluEbE/ZAKg69p8Eo=
-14,6,zxRvtmynB894vozCREOScFQD4X8=,9LEDqVaA1mBr7kLEU2nsBup9yxw=
-14,7,zxRvtmynB894vozCREOScFQD4X8=,/WARw1VS/fg13XYJOYGe7WEADNA=
-14,4,zxRvtmynB894vozCREOScFQD4X8=,UupXYCJww9ZRRL1uGNkZfEJ+fkQ=
-14,5,zxRvtmynB894vozCREOScFQD4X8=,nLNlnuqc7D4wsqN4N8s/Lhb4sfY=
-14,10,zxRvtmynB894vozCREOScFQD4X8=,/FdRTD7C/aDZSEh40EIMkdJcr14=
-14,11,zxRvtmynB894vozCREOScFQD4X8=,/FdRTD7C/aDZSEh40EIMkdJcr14=
-14,8,zxRvtmynB894vozCREOScFQD4X8=,J9RT7FgeDtqrRWpg6D8kT8ig5+4=
-14,9,zxRvtmynB894vozCREOScFQD4X8=,/FdRTD7C/aDZSEh40EIMkdJcr14=
-14,14,zxRvtmynB894vozCREOScFQD4X8=,UF703/NhPTPcXmBr1fTIGHiKy/U=
-14,15,zxRvtmynB894vozCREOScFQD4X8=,DgcinO0MzFTSdEeMfuz1yWUzNfI=
-14,12,zxRvtmynB894vozCREOScFQD4X8=,z7Xz1xzbZ0XDZSQ2gUop9Re78m4=
-14,13,zxRvtmynB894vozCREOScFQD4X8=,Nf8RGFM+o8K1xHGmCeMdg3/iwzY=
-13,19,u0hnkeU/hNo/II/K2jLdhFSlQcU=,r+JQASJHBsW8ak/yqBnERS/VZMo=
-13,18,u0hnkeU/hNo/II/K2jLdhFSlQcU=,wZ+qpiFQsX/sNoCArLcyGelXST4=
-13,17,u0hnkeU/hNo/II/K2jLdhFSlQcU=,QjDnSZST8l5QM9FpGQvUU6F6gfY=
-13,16,u0hnkeU/hNo/II/K2jLdhFSlQcU=,DyZxnaH6TOoHqos0Pt80NC8nJCg=
-13,23,u0hnkeU/hNo/II/K2jLdhFSlQcU=,VWTyIhf40DBEmIFGsilNK/DdQt0=
-13,22,u0hnkeU/hNo/II/K2jLdhFSlQcU=,dCSaMApF4UNNG8GSbn81J2XgovM=
-13,21,u0hnkeU/hNo/II/K2jLdhFSlQcU=,LCGFXQZUjIswFnExOR65h2EXJQc=
-13,20,u0hnkeU/hNo/II/K2jLdhFSlQcU=,MqClVP67R5tkcxDtzUgHBT8++rU=
-13,24,u0hnkeU/hNo/II/K2jLdhFSlQcU=,HGpeq72YtCQggG5txWL1bdG09BU=
-13,3,u0hnkeU/hNo/II/K2jLdhFSlQcU=,FK41eFADu+E1Q+FIWT5wXKROt8M=
-13,2,u0hnkeU/hNo/II/K2jLdhFSlQcU=,z/5/i4coY6MmhIDeMxSGl5rUVJM=
-13,1,oufJnl77pl14M2BEK+sR+GtlYfg=,MsWB/p6uG3qteIxqw19spGRE6/o=
-13,0,oufJnl77pl14M2BEK+sR+GtlYfg=,rG6PmhgZdLoTJNYqyC7hn9Fwew4=
-13,7,oufJnl77pl14M2BEK+sR+GtlYfg=,STfY2l4QHVfOqMTMks1lmiWdqF4=
-13,6,oufJnl77pl14M2BEK+sR+GtlYfg=,iaCSiPl3R5cUpUm7RLTUoO2QFFs=
-13,5,oufJnl77pl14M2BEK+sR+GtlYfg=,nLNlnuqc7D4wsqN4N8s/Lhb4sfY=
-13,4,oufJnl77pl14M2BEK+sR+GtlYfg=,UupXYCJww9ZRRL1uGNkZfEJ+fkQ=
-13,11,oufJnl77pl14M2BEK+sR+GtlYfg=,W8OOv4IsjMuI1hWhXBi/JnFUf78=
-13,10,oufJnl77pl14M2BEK+sR+GtlYfg=,Nln4B3jB5CBxRMMYEOr4DXrxMyU=
-13,9,oufJnl77pl14M2BEK+sR+GtlYfg=,Nln4B3jB5CBxRMMYEOr4DXrxMyU=
-13,8,oufJnl77pl14M2BEK+sR+GtlYfg=,aM32neOyuZs/CwYZXImYgh1MEHE=
-13,15,oufJnl77pl14M2BEK+sR+GtlYfg=,ynJuM0H7TjEWFNpppxFXSIOTWHs=
-13,14,xvbpdAcICg3uovB1NgiCTEjZ0gc=,XuA5EusKgYeHEkbjdYZ7qLKYuqI=
-13,13,xvbpdAcICg3uovB1NgiCTEjZ0gc=,CXBLk2pMt8w1kU1tZr/nZoAQipY=
-13,12,xvbpdAcICg3uovB1NgiCTEjZ0gc=,N+4IV4HpwcAfEqgRUznAC1iypfI=
-12,20,xvbpdAcICg3uovB1NgiCTEjZ0gc=,o7DCLkJclVb6OZ974CxodMP4MDo=
-12,21,xvbpdAcICg3uovB1NgiCTEjZ0gc=,BLlwCK4bFmRQKQwFAsLU8aYAPlk=
-12,22,xvbpdAcICg3uovB1NgiCTEjZ0gc=,tmqC+h5Qq5uFfzlAugx/tnYhhOQ=
-12,23,xvbpdAcICg3uovB1NgiCTEjZ0gc=,rBrR0OeFVQ6ug6FngNAXPEFHfaA=
-12,16,xvbpdAcICg3uovB1NgiCTEjZ0gc=,cDzcczouJv9gYmRJiexwqtAEpDY=
-12,17,xvbpdAcICg3uovB1NgiCTEjZ0gc=,xae0N9epDteTdSeeZOBH0uv9hqY=
-12,18,xvbpdAcICg3uovB1NgiCTEjZ0gc=,UjzOg8XPNXkh+evFsZSS3SV+70Y=
-12,19,Z34TBWykyWqm2xHQlmBLodOvXiY=,XQAVKP+/LTjoayfW47gaW7c1bSE=
-12,24,Z34TBWykyWqm2xHQlmBLodOvXiY=,HGpeq72YtCQggG5txWL1bdG09BU=
-12,4,Z34TBWykyWqm2xHQlmBLodOvXiY=,DLCHJRYfcwNP4t+VW+s8Qq7WCHA=
-12,5,Z34TBWykyWqm2xHQlmBLodOvXiY=,us2eLqv5Ao/fW2++9p8zPoCu4tI=
-12,6,Z34TBWykyWqm2xHQlmBLodOvXiY=,OXErfxXubydlVtqNAiiSQGPR8t4=
-12,7,Z34TBWykyWqm2xHQlmBLodOvXiY=,Z13kmaC6bJFYktzTfnwAioXfXKE=
-12,0,Z34TBWykyWqm2xHQlmBLodOvXiY=,18bmvkY02BOT3OqzT43NADx7dZE=
-12,1,Z34TBWykyWqm2xHQlmBLodOvXiY=,kUF3SFsObizSMKQZAo4miF5jq5g=
-12,2,Z34TBWykyWqm2xHQlmBLodOvXiY=,ZmMU+eF05n0+ewB86/fP2tqN0fw=
-12,3,5bp0uMH+71qNZvZMxAZnOj1Cghc=,9lhhDJmzrYkBWCFl7zNLBdnIMQU=
-12,12,5bp0uMH+71qNZvZMxAZnOj1Cghc=,CBQ5LSKskdptieVqEpgxDru9t88=
-12,13,5bp0uMH+71qNZvZMxAZnOj1Cghc=,RavB2yrjfpsN0OTMA2q1K12Zl/E=
-12,14,5bp0uMH+71qNZvZMxAZnOj1Cghc=,TLNK2BUjojMc9MeWtq9qsJpTLyg=
-12,15,5bp0uMH+71qNZvZMxAZnOj1Cghc=,846Eti/ICNhH8uOqLomT0Pnt5B4=
-12,8,5bp0uMH+71qNZvZMxAZnOj1Cghc=,exRazAgNeObJeU8nQVot0r8l3MY=
-12,9,5bp0uMH+71qNZvZMxAZnOj1Cghc=,CuXCQkK+1jo6nE2SKzsSHbpTo8A=
-12,10,5bp0uMH+71qNZvZMxAZnOj1Cghc=,Ufwhwf1TtFnkte63/F5icg5zxmY=
-12,11,5bp0uMH+71qNZvZMxAZnOj1Cghc=,9n0DXiM9LDDJ4/gRVwxthZ81wZU=
-11,21,5bp0uMH+71qNZvZMxAZnOj1Cghc=,19sHwTGDycEnWB6C3U/7CoFkCg4=
-11,20,rfeYSF2SfIoLMfz8RpskBIowKQU=,vUameXjJe/4ZyuOId1RNi1jXwDM=
-11,23,rfeYSF2SfIoLMfz8RpskBIowKQU=,UOOdlPXtIf79HWQXtB90PQ7e65Q=
-11,22,rfeYSF2SfIoLMfz8RpskBIowKQU=,+s9b8LTLxuM3nvXOurIBzpyCk10=
-11,17,rfeYSF2SfIoLMfz8RpskBIowKQU=,gojPo6YALLes+urwmmyZOtMxmMo=
-11,16,rfeYSF2SfIoLMfz8RpskBIowKQU=,gNRiGS55IrtMwxV9lAs7rAVd/cs=
-11,19,rfeYSF2SfIoLMfz8RpskBIowKQU=,KhZtKCjQ/42zEL9J93BEJYgIFSE=
-11,18,rfeYSF2SfIoLMfz8RpskBIowKQU=,fY4/UNMHfmVpfJp6qc7d+UhQ/Bk=
-11,24,rfeYSF2SfIoLMfz8RpskBIowKQU=,HGpeq72YtCQggG5txWL1bdG09BU=
-11,5,rfeYSF2SfIoLMfz8RpskBIowKQU=,8ERivQPmDLnajJeELdGZAYg4+uc=
-11,4,+JtXivnTB37fUpo0tl7fHESJ7lo=,qgcQ27yKROiHRaLYtavVYS6pbas=
-11,7,+JtXivnTB37fUpo0tl7fHESJ7lo=,Be4kt0iglduCTvWfhW6eq5LplGQ=
-11,6,+JtXivnTB37fUpo0tl7fHESJ7lo=,393cY6DqMFgDgojVBMVWpIERdzw=
-11,1,+JtXivnTB37fUpo0tl7fHESJ7lo=,2VXKTpmY8TmXYdMpEaDb4/SZED0=
-11,0,+JtXivnTB37fUpo0tl7fHESJ7lo=,idxA5k9We1FRYjF/s5MNJ+fEnqs=
-11,3,+JtXivnTB37fUpo0tl7fHESJ7lo=,0WUx+N90WUrGtNsLQjRzN4WsOQ8=
-11,2,+JtXivnTB37fUpo0tl7fHESJ7lo=,F20sP+lAmlC4ThFGAr7hkXuujmk=
-11,13,+JtXivnTB37fUpo0tl7fHESJ7lo=,rMUsQCDpcww/iR/kkDwsTaEjgGk=
-11,12,PlEv6vBY2ihQqoMToYBsCFaw9YQ=,zvfcbpj1rvTkkZbzs62SPUTg0cA=
-11,15,PlEv6vBY2ihQqoMToYBsCFaw9YQ=,Uho0s/+8L3k/Lhw8sh0ifSfwnbk=
-11,14,PlEv6vBY2ihQqoMToYBsCFaw9YQ=,scoIDExSvsn60N9UQko0Yn1gJ8Q=
-11,9,PlEv6vBY2ihQqoMToYBsCFaw9YQ=,e3Lw4BPtxabEkSU/5dLSRbYv5do=
-11,8,PlEv6vBY2ihQqoMToYBsCFaw9YQ=,eapN96R37rNmvBIJtWMRmf6v6FQ=
-11,11,PlEv6vBY2ihQqoMToYBsCFaw9YQ=,IfpTdJKX60co0LV+EEKgBe7vYC4=
-11,10,PlEv6vBY2ihQqoMToYBsCFaw9YQ=,qOLxsNoxfZ4DgeQ8GBUmaAOrzx4=
-10,22,PlEv6vBY2ihQqoMToYBsCFaw9YQ=,hd4EHYVJg5dBIS2rmgG5kfxyRk8=
-10,23,PlEv6vBY2ihQqoMToYBsCFaw9YQ=,SQ5+5iej+NSyzJvNrIMmttY+9i4=
-10,20,PlEv6vBY2ihQqoMToYBsCFaw9YQ=,/hkL93gwRBko5gCx4EtHanLOzLo=
-10,21,PlEv6vBY2ihQqoMToYBsCFaw9YQ=,c6hV8Tbe4TnSaMhgf9YFKOLQS90=
-10,18,PlEv6vBY2ihQqoMToYBsCFaw9YQ=,S/WtVbyEuJfII/KjSMcdZSRnOmo=
-10,19,PlEv6vBY2ihQqoMToYBsCFaw9YQ=,vWxFVCaIa4oZr+idttSn8/IH9QU=
-10,16,PlEv6vBY2ihQqoMToYBsCFaw9YQ=,oqTLnsCma/TNlSYdNVZTdtYG15o=
-10,17,PlEv6vBY2ihQqoMToYBsCFaw9YQ=,v4/bXvCAN6vJcViY6yivi3cAibk=
-10,24,PlEv6vBY2ihQqoMToYBsCFaw9YQ=,HGpeq72YtCQggG5txWL1bdG09BU=
-10,6,PlEv6vBY2ihQqoMToYBsCFaw9YQ=,ydyYuvaYd2LPC/qekJRotXJEPeg=
-10,7,rglZnZp5YkNYuv1gtTpQjTxVgsg=,NMDVLQFo2DpfYaK3TiC0O6N8Zk4=
-10,4,rglZnZp5YkNYuv1gtTpQjTxVgsg=,jgjQOZvSzGVRDHfPlxipNOh5+eQ=
-10,5,rglZnZp5YkNYuv1gtTpQjTxVgsg=,tEZHiCxx9SbAzklzPSwQVUx+IO0=
-10,2,rglZnZp5YkNYuv1gtTpQjTxVgsg=,3GB5qTiNgAuNNoyCslT7eEHJ4Ww=
-10,3,rglZnZp5YkNYuv1gtTpQjTxVgsg=,HiEjbMbZqrbg/sHg0ecnVTvcow4=
-10,0,rglZnZp5YkNYuv1gtTpQjTxVgsg=,PdlBlUZ32tkuSpBm+ICPgFOpUyo=
-10,1,rglZnZp5YkNYuv1gtTpQjTxVgsg=,1RO9U5Ub0xZLAMBkAIxyQXmQR+Q=
-10,14,rglZnZp5YkNYuv1gtTpQjTxVgsg=,pVNucpft7rE1hXv1YrmkfPQAQDI=
-10,15,rglZnZp5YkNYuv1gtTpQjTxVgsg=,rMTwhurnC7MOr0FwZ/DccaRcIv8=
-10,12,rglZnZp5YkNYuv1gtTpQjTxVgsg=,2r4iTC2TxYhyotZK5KpzsfdbA/A=
-10,13,rglZnZp5YkNYuv1gtTpQjTxVgsg=,TqXoHHXNQFtQ/p+6ByhW+AoJKP4=
-10,10,rglZnZp5YkNYuv1gtTpQjTxVgsg=,xBkLmeAKNvgAtnCd3bbBvJvtp4Q=
-10,11,rglZnZp5YkNYuv1gtTpQjTxVgsg=,sKtKJ7jBqyi5Tn2GuSe8l/xTTxw=
-10,8,rglZnZp5YkNYuv1gtTpQjTxVgsg=,TbYwZiXivbin+rFbvxOYWwsH4+I=
-10,9,rglZnZp5YkNYuv1gtTpQjTxVgsg=,D+HWKLWSsGROcniKMTXBLUhd2Q8=
-9,23,rglZnZp5YkNYuv1gtTpQjTxVgsg=,7hyIBUZNtkcS2ZWwXqD9ZvdtKa4=
-9,22,rglZnZp5YkNYuv1gtTpQjTxVgsg=,knIjWbVyddYmTgKXpKoM7XjLr04=
-9,21,rglZnZp5YkNYuv1gtTpQjTxVgsg=,/tvqSOnAToEwHQKCF+Kle322ClM=
-9,20,rglZnZp5YkNYuv1gtTpQjTxVgsg=,/hkL93gwRBko5gCx4EtHanLOzLo=
-9,19,rglZnZp5YkNYuv1gtTpQjTxVgsg=,kryvY1rKTN/TEIKOt5wmMIZVip8=
-9,18,rglZnZp5YkNYuv1gtTpQjTxVgsg=,xrN/97ZHFL57Q/hjjtmD0yQmXa8=
-9,17,rglZnZp5YkNYuv1gtTpQjTxVgsg=,lOAjDSa23wk1hAdv13o4iywE3Uw=
-9,16,bZ945VRQYqwf+i074ZiPwYnsfpE=,k9UJFHXDf6Mt5HhXMFEd5cw+2hk=
-9,24,bZ945VRQYqwf+i074ZiPwYnsfpE=,HGpeq72YtCQggG5txWL1bdG09BU=
-9,7,bZ945VRQYqwf+i074ZiPwYnsfpE=,IhlpgXiIdotu7PW4IvqWPiMETCg=
-9,6,bZ945VRQYqwf+i074ZiPwYnsfpE=,h4ZC9jvgGP5x+95/9rWjJoGy2m4=
-9,5,bZ945VRQYqwf+i074ZiPwYnsfpE=,h4ZC9jvgGP5x+95/9rWjJoGy2m4=
-9,4,bZ945VRQYqwf+i074ZiPwYnsfpE=,TM8LqGn89tVv6U942ccwELybNUg=
-9,3,bZ945VRQYqwf+i074ZiPwYnsfpE=,3GB5qTiNgAuNNoyCslT7eEHJ4Ww=
-9,2,bZ945VRQYqwf+i074ZiPwYnsfpE=,3GB5qTiNgAuNNoyCslT7eEHJ4Ww=
-9,1,bZ945VRQYqwf+i074ZiPwYnsfpE=,tWznDTui2lqadJ1mZKZ+fj/oK1o=
-9,0,bZ945VRQYqwf+i074ZiPwYnsfpE=,3z/E9QG4gCXUnaFOh/hp+lNvDHA=
-9,15,bZ945VRQYqwf+i074ZiPwYnsfpE=,X3fLAnNEfCrNVAw45BrtBJGfmzU=
-9,14,bZ945VRQYqwf+i074ZiPwYnsfpE=,gE1EM8UkOJrz1CScAB1sXExpWWY=
-9,13,bZ945VRQYqwf+i074ZiPwYnsfpE=,eUxfV4KrnfpzhG/ZiZgt2vEplm0=
-9,12,bZ945VRQYqwf+i074ZiPwYnsfpE=,XrCl/8JKtIE82BKXNIFI8LUW8jY=
-9,11,bZ945VRQYqwf+i074ZiPwYnsfpE=,sKtKJ7jBqyi5Tn2GuSe8l/xTTxw=
-9,10,bZ945VRQYqwf+i074ZiPwYnsfpE=,sKtKJ7jBqyi5Tn2GuSe8l/xTTxw=
-9,9,bZ945VRQYqwf+i074ZiPwYnsfpE=,Nucmz73eq9F2EH2JB3zH/NN54Mo=
-9,8,bZ945VRQYqwf+i074ZiPwYnsfpE=,rz+T84GWvbPNWWMhSNcdSKhyfHU=
-8,24,bZ945VRQYqwf+i074ZiPwYnsfpE=,WChD1VtdSaRE5jK/WQDyoHcAeYw=
-8,16,bZ945VRQYqwf+i074ZiPwYnsfpE=,yHuWPC/pyYViTcFiQE71yov5egE=
-8,17,bZ945VRQYqwf+i074ZiPwYnsfpE=,yHuWPC/pyYViTcFiQE71yov5egE=
-8,18,bZ945VRQYqwf+i074ZiPwYnsfpE=,yHuWPC/pyYViTcFiQE71yov5egE=
-8,19,7r5xIeko8BrkVYhhB/tsyAkGdTY=,1MXurK17MmCgb0MVyHSZsfttUws=
-8,20,7r5xIeko8BrkVYhhB/tsyAkGdTY=,0SLKiBbW11N4ZqMoNL/RJ9VcCGk=
-8,21,7r5xIeko8BrkVYhhB/tsyAkGdTY=,6xBJ4nEKOXDrd0AFJBKP03AbmLE=
-8,22,7r5xIeko8BrkVYhhB/tsyAkGdTY=,036RE/IicJAwoNl7Q8ywwSwDW8s=
-8,23,7r5xIeko8BrkVYhhB/tsyAkGdTY=,lHKcrFlLJUvYlCWBW6YA/FX9Gko=
-8,8,7r5xIeko8BrkVYhhB/tsyAkGdTY=,9KJetoB6eHf3Umm3zawtdMPQdis=
-8,9,7r5xIeko8BrkVYhhB/tsyAkGdTY=,cKPWqsT02PEYtSx7HHpGJpgryRs=
-8,10,7r5xIeko8BrkVYhhB/tsyAkGdTY=,NJZB4gBzY6RxWQoYwvX6061bVkg=
-8,11,7r5xIeko8BrkVYhhB/tsyAkGdTY=,IcMlZG8w0fXmqnYCr8ucC7VU7Jk=
-8,12,7r5xIeko8BrkVYhhB/tsyAkGdTY=,qufSdM8Y8kd1VVq8o8NJTEXa14U=
-8,13,7r5xIeko8BrkVYhhB/tsyAkGdTY=,hOE+eT7rjrHixpAkGbUMvOGdTjE=
-8,14,7r5xIeko8BrkVYhhB/tsyAkGdTY=,CxY+QwaA6WaQ01Nfaic44KwAfTU=
-8,15,7r5xIeko8BrkVYhhB/tsyAkGdTY=,1/UmbfX+6gDBNlqvToeDh4omT4s=
-8,0,7r5xIeko8BrkVYhhB/tsyAkGdTY=,Lh00TuCrgQGoqkXqNPspErRw3dY=
-8,1,7r5xIeko8BrkVYhhB/tsyAkGdTY=,33pXwnTl/4G8a6R9vE/kjkyF4Ko=
-8,2,7r5xIeko8BrkVYhhB/tsyAkGdTY=,5Ta4oAwbQLhKOSc9gzt6VkYpGL0=
-8,3,7r5xIeko8BrkVYhhB/tsyAkGdTY=,6w3BQP/oKuYUoWAiNKoyQtR3c9w=
-8,4,7r5xIeko8BrkVYhhB/tsyAkGdTY=,79C7/u7ANxk6kt2MCqW3o3P/Y7s=
-8,5,7r5xIeko8BrkVYhhB/tsyAkGdTY=,79C7/u7ANxk6kt2MCqW3o3P/Y7s=
-8,6,7r5xIeko8BrkVYhhB/tsyAkGdTY=,NErULJGq54wg6fMnjunru1TQ6G4=
-8,7,7r5xIeko8BrkVYhhB/tsyAkGdTY=,xAoqRX9lgMnxw3Ct9ItoeY3fFJE=
-7,24,7r5xIeko8BrkVYhhB/tsyAkGdTY=,WChD1VtdSaRE5jK/WQDyoHcAeYw=
-7,17,7r5xIeko8BrkVYhhB/tsyAkGdTY=,C1te2a2QT2kZ9fdPObzwrzo+7b4=
-7,16,7r5xIeko8BrkVYhhB/tsyAkGdTY=,C1te2a2QT2kZ9fdPObzwrzo+7b4=
-7,19,7r5xIeko8BrkVYhhB/tsyAkGdTY=,MVQGSfUJbtuoXF2xZ60m0E51Cyo=
-7,18,7r5xIeko8BrkVYhhB/tsyAkGdTY=,C1te2a2QT2kZ9fdPObzwrzo+7b4=
-7,21,wBvh3xT+v5uD++SQnNNdf70/hD4=,G4GHlAYntRag/Fj76w+bAuM7xNI=
-7,20,wBvh3xT+v5uD++SQnNNdf70/hD4=,OUNiZ+5l8U6kj0BhO8ZO6YlfVk4=
-7,23,wBvh3xT+v5uD++SQnNNdf70/hD4=,Xieb8KTS2Ohxnj+Tj33sZ0W/wJY=
-7,22,wBvh3xT+v5uD++SQnNNdf70/hD4=,4dPzmghpBEgmeKBbU/f2sLt8VAk=
-7,9,wBvh3xT+v5uD++SQnNNdf70/hD4=,t90r0CX2P5XUTynsTVDGV8t5M6Y=
-7,8,wBvh3xT+v5uD++SQnNNdf70/hD4=,t90r0CX2P5XUTynsTVDGV8t5M6Y=
-7,11,wBvh3xT+v5uD++SQnNNdf70/hD4=,sNyJ6wxwJV9z0/N3LV/mtdcHEPs=
-7,10,wBvh3xT+v5uD++SQnNNdf70/hD4=,x+vf/N6Abm58Lu11lKauF2FZam4=
-7,13,wBvh3xT+v5uD++SQnNNdf70/hD4=,QlntZql2GPzm5Ag55AgnWKzsm5E=
-7,12,wBvh3xT+v5uD++SQnNNdf70/hD4=,PsQ3yBou9ficHs+yMtg9gX1XoEI=
-7,15,wBvh3xT+v5uD++SQnNNdf70/hD4=,5hVsEzerX/pUrvKan0QGyeyCjNA=
-7,14,wBvh3xT+v5uD++SQnNNdf70/hD4=,P6eBF3V9FcoonQ+d4QIGOx0fg/Y=
-7,1,wBvh3xT+v5uD++SQnNNdf70/hD4=,XZe7BhD/DKBT+tG9tAYMTfVPxbU=
-7,0,wBvh3xT+v5uD++SQnNNdf70/hD4=,8IDT6rwdUFyMiO1C3VC9MADEyWE=
-7,3,wBvh3xT+v5uD++SQnNNdf70/hD4=,VjcWnnYdVf3+bsNkdh0A/HlWOmk=
-7,2,wBvh3xT+v5uD++SQnNNdf70/hD4=,RtmmFfIfcBc3s+DyRRXjRw7D9Ck=
-7,5,wBvh3xT+v5uD++SQnNNdf70/hD4=,tkCKRqqUU2IIncCVx0lxq8GFA7M=
-7,4,wBvh3xT+v5uD++SQnNNdf70/hD4=,+aHUCrKisxLT3UKNTt3FGK7IBLs=
-7,7,wBvh3xT+v5uD++SQnNNdf70/hD4=,czXLy6+3EERASuC69FT6qI9Ls8s=
-7,6,wBvh3xT+v5uD++SQnNNdf70/hD4=,Fvzf5dHuFUOP4lk2pawsYP56aTY=
-6,24,wBvh3xT+v5uD++SQnNNdf70/hD4=,WChD1VtdSaRE5jK/WQDyoHcAeYw=
-6,18,wBvh3xT+v5uD++SQnNNdf70/hD4=,EgklvTtGX1RytrHeHQlSivAEOEE=
-6,19,wBvh3xT+v5uD++SQnNNdf70/hD4=,F1UQep1AFlTpADBdR1rCJJeL8x4=
-6,16,wBvh3xT+v5uD++SQnNNdf70/hD4=,acwDOBFYFDvLX2wko6Y8/eGOfEg=
-6,17,wBvh3xT+v5uD++SQnNNdf70/hD4=,pNdgtXJKZPIkkbrarnyJ73fbNtE=
-6,22,wBvh3xT+v5uD++SQnNNdf70/hD4=,8mKvobsd3WyMhr5Et8QRspQD8Nw=
-6,23,wBvh3xT+v5uD++SQnNNdf70/hD4=,4DXmHZea/Hy1Vjt28qLjV3nBCEU=
-6,20,vhZ7KSa8ByNM1Jl771Zx4zBoJ/Q=,lfB7fHd2lXQEz/qYHOZWdxujI1E=
-6,21,vhZ7KSa8ByNM1Jl771Zx4zBoJ/Q=,mLYoCeCswGEj4bWE82Fc+MvOzR8=
-6,10,vhZ7KSa8ByNM1Jl771Zx4zBoJ/Q=,yXOWDjLP/tR9+azllW9MmTDzLpE=
-6,11,vhZ7KSa8ByNM1Jl771Zx4zBoJ/Q=,R5/+4ZIgaF0v4hh4My/1Au2hM9s=
-6,8,vhZ7KSa8ByNM1Jl771Zx4zBoJ/Q=,uYyw1w/oehF79f/RYeigajIY5jc=
-6,9,vhZ7KSa8ByNM1Jl771Zx4zBoJ/Q=,cb0NDVBqahi9EU2LYT6Aie/MhoQ=
-6,14,vhZ7KSa8ByNM1Jl771Zx4zBoJ/Q=,zF2dj8UMStVpz8DlVgxjDi/l47M=
-6,15,vhZ7KSa8ByNM1Jl771Zx4zBoJ/Q=,zkSMECiP/PkXI10chhoRCn3ARB8=
-6,12,vhZ7KSa8ByNM1Jl771Zx4zBoJ/Q=,MY+6PhfTUdHVLyCTUwbxz8okuL4=
-6,13,vhZ7KSa8ByNM1Jl771Zx4zBoJ/Q=,UM16cxByBXtJ12oGQMFp+xtXMo4=
-6,2,vhZ7KSa8ByNM1Jl771Zx4zBoJ/Q=,pkbTD5Aslscb8IPy9DX7cmYlVuQ=
-6,3,vhZ7KSa8ByNM1Jl771Zx4zBoJ/Q=,Amrysfc41XI5yqa50095k7YNyww=
-6,0,vhZ7KSa8ByNM1Jl771Zx4zBoJ/Q=,jc/r50JSthwreDTQ9oIRnKwSSW8=
-6,1,vhZ7KSa8ByNM1Jl771Zx4zBoJ/Q=,v7G9ITylO+Xt9SMSQZKVuRcVlAE=
-6,6,vhZ7KSa8ByNM1Jl771Zx4zBoJ/Q=,ssNTMA3zVROOqZBkosR30S+8LCk=
-6,7,vhZ7KSa8ByNM1Jl771Zx4zBoJ/Q=,Q/VqyH4Nyx46KKaiJ49JiqtuY78=
-6,4,vhZ7KSa8ByNM1Jl771Zx4zBoJ/Q=,Bgbfz/V6HiWwZ9d+V2cMkMclAeY=
-6,5,vhZ7KSa8ByNM1Jl771Zx4zBoJ/Q=,ssNTMA3zVROOqZBkosR30S+8LCk=
-5,24,vhZ7KSa8ByNM1Jl771Zx4zBoJ/Q=,WChD1VtdSaRE5jK/WQDyoHcAeYw=
-5,19,vhZ7KSa8ByNM1Jl771Zx4zBoJ/Q=,p7H/MmRO/ntmrckNxkW2LUL1ft4=
-5,18,vhZ7KSa8ByNM1Jl771Zx4zBoJ/Q=,NB1zUN4UiDrn2dWi5EwYbxwgLfs=
-5,17,vhZ7KSa8ByNM1Jl771Zx4zBoJ/Q=,bYl1d93m60MTQGE0jEqMIDz0JYI=
-5,16,vhZ7KSa8ByNM1Jl771Zx4zBoJ/Q=,GElPDkctUweDncMQRoQXywoskAA=
-5,23,vhZ7KSa8ByNM1Jl771Zx4zBoJ/Q=,c/7/UVxxrH8ID0A4/Mme2jOJTjA=
-5,22,vhZ7KSa8ByNM1Jl771Zx4zBoJ/Q=,KchDekTk7B0pJf8eIZGGaMvmmZg=
-5,21,5J3L9I0XT3sUggeNlyKHfo23qUc=,1a6Y7UMBpo73P4KLWwpLm65fW4U=
-5,20,5J3L9I0XT3sUggeNlyKHfo23qUc=,pzksIpr5imSiF/yfuMCT6J9noTY=
-5,11,5J3L9I0XT3sUggeNlyKHfo23qUc=,RtTUu8CM2wmEQNOtJxP3MJfiwBQ=
-5,10,5J3L9I0XT3sUggeNlyKHfo23qUc=,CT8w8PKyDxJteIBqY+MrtczrDBE=
-5,9,5J3L9I0XT3sUggeNlyKHfo23qUc=,X6i4yPGMHW8ZceQFDqHUlCjs/rU=
-5,8,5J3L9I0XT3sUggeNlyKHfo23qUc=,Ea0W9O4+MkRGQv+pMG2b1+OpT/k=
-5,15,5J3L9I0XT3sUggeNlyKHfo23qUc=,0iwYz+jDETmmR+sw7/euoWqmIx4=
-5,14,5J3L9I0XT3sUggeNlyKHfo23qUc=,sLwcuC0aY8PpFLsCbuBhKwL7b3g=
-5,13,5J3L9I0XT3sUggeNlyKHfo23qUc=,wtMDK44UTlmqoj+DbOErEf10J00=
-5,12,5J3L9I0XT3sUggeNlyKHfo23qUc=,wsQdNJbNIgyAsSljOcXQAGEsY74=
-5,3,5J3L9I0XT3sUggeNlyKHfo23qUc=,K0rC7fqG8Jlz1jjqMs3PtfLkIyM=
-5,2,5J3L9I0XT3sUggeNlyKHfo23qUc=,pkbTD5Aslscb8IPy9DX7cmYlVuQ=
-5,1,5J3L9I0XT3sUggeNlyKHfo23qUc=,pkbTD5Aslscb8IPy9DX7cmYlVuQ=
-5,0,5J3L9I0XT3sUggeNlyKHfo23qUc=,y5/TVK9d6KqSthWApk6FFMOwXr0=
-5,7,5J3L9I0XT3sUggeNlyKHfo23qUc=,H5CCjqR9gvGyDv/keeKNPvM3kgM=
-5,6,5J3L9I0XT3sUggeNlyKHfo23qUc=,dGReyUUtN2Xx5CJr6G7FUlY3Nrg=
-5,5,5J3L9I0XT3sUggeNlyKHfo23qUc=,I1vYrXnKjQHzXaa+9fmSwgH0CcI=
-5,4,5J3L9I0XT3sUggeNlyKHfo23qUc=,3hx48CisaT+YzgzuyT5BKrT394c=
-4,24,5J3L9I0XT3sUggeNlyKHfo23qUc=,WChD1VtdSaRE5jK/WQDyoHcAeYw=
-4,20,5J3L9I0XT3sUggeNlyKHfo23qUc=,4BKrnzxUxat9rWDFo6TETVvRFac=
-4,21,5J3L9I0XT3sUggeNlyKHfo23qUc=,u5Tprpvhz0hFcxBrmJ5ZauT1S/c=
-4,22,5J3L9I0XT3sUggeNlyKHfo23qUc=,KITdoT31URFnIEOSEup3u7oJZzs=
-4,23,5J3L9I0XT3sUggeNlyKHfo23qUc=,0UdTETBNO6X12AEoN5NitT1oBfk=
-4,16,5J3L9I0XT3sUggeNlyKHfo23qUc=,oU/9xhXCCAhXP+4itNd4OZ+cfw8=
-4,17,5J3L9I0XT3sUggeNlyKHfo23qUc=,XhOc8PNCD+DCaV4J/62I5Jfe734=
-4,18,5J3L9I0XT3sUggeNlyKHfo23qUc=,yMOLEAzItvb9fXeZUplHHlg7S30=
-4,19,iB+5H/UT9hmW2q29dHE58gOD1h4=,xDXrcUo1iE5cukZAedhqmfSyW74=
-4,12,iB+5H/UT9hmW2q29dHE58gOD1h4=,Gzt039IvEEeOPUCcs1Ayr6+V46w=
-4,13,iB+5H/UT9hmW2q29dHE58gOD1h4=,QBA1cftYWKee7j0B4Fu+yUrYzGU=
-4,14,iB+5H/UT9hmW2q29dHE58gOD1h4=,zkFVA2JcPH4k3KY9xMlH2JtTGCA=
-4,15,iB+5H/UT9hmW2q29dHE58gOD1h4=,zL9ZVrxfRassKhCguDUnYq8WVUU=
-4,8,iB+5H/UT9hmW2q29dHE58gOD1h4=,kJiFCeaVrc0SAJWyRKaRUh24Azo=
-4,9,iB+5H/UT9hmW2q29dHE58gOD1h4=,/73M044sgyw2YjQJIMGBaUrqsXg=
-4,10,iB+5H/UT9hmW2q29dHE58gOD1h4=,LrXGSUbiQcYpOIOWvQQtnnjolDE=
-4,11,iB+5H/UT9hmW2q29dHE58gOD1h4=,LrXGSUbiQcYpOIOWvQQtnnjolDE=
-4,4,iB+5H/UT9hmW2q29dHE58gOD1h4=,0Il2oTuC6XrPdefl/3r2K/Oz72U=
-4,5,iB+5H/UT9hmW2q29dHE58gOD1h4=,PqhNWmChoC6XFwssdmHReXIBcH0=
-4,6,iB+5H/UT9hmW2q29dHE58gOD1h4=,Xm4kZfcDVXwOkrxS3vOyX/8yg0M=
-4,7,iB+5H/UT9hmW2q29dHE58gOD1h4=,3rwyxovA8f+lYfXi2EnsilyMA8E=
-4,0,iB+5H/UT9hmW2q29dHE58gOD1h4=,ujqrdndNnULlH7197DZwE2rh8pY=
-4,1,iB+5H/UT9hmW2q29dHE58gOD1h4=,M/UkErc38J8MvD3Ft96a3SBLJNM=
-4,2,iB+5H/UT9hmW2q29dHE58gOD1h4=,HSesGUlDKv0AupJZ0kqPSzyr+sY=
-4,3,iB+5H/UT9hmW2q29dHE58gOD1h4=,59jXFg0FeTMSJ8EdTy2om4pbl0A=
-3,24,iB+5H/UT9hmW2q29dHE58gOD1h4=,7Az+hfpHA+5qzZrps1jIxSmBH7k=
-3,21,iB+5H/UT9hmW2q29dHE58gOD1h4=,c79OUnFQcsba3rT9F/6Voh9IRjY=
-3,20,iB+5H/UT9hmW2q29dHE58gOD1h4=,pzq658NEMhXtWDljzOpDAOaSOz8=
-3,23,iB+5H/UT9hmW2q29dHE58gOD1h4=,zp8Oqf6ulpbEy+oc5u6Ik6fat60=
-3,22,iB+5H/UT9hmW2q29dHE58gOD1h4=,fWiOh3O+hS6GFe7iH4q87BbzB1A=
-3,17,J7rDZrlaKVUSGEOh9rYb8JHmHiU=,7im0DVtaF5vMUGcHRgNjci+IqYI=
-3,16,J7rDZrlaKVUSGEOh9rYb8JHmHiU=,oSRt5aUhb+P3lDL1Glwladg9UZE=
-3,19,J7rDZrlaKVUSGEOh9rYb8JHmHiU=,hNEebhw/Rt3AB7T8Hz6IySO1a0Q=
-3,18,J7rDZrlaKVUSGEOh9rYb8JHmHiU=,pR7AKnA2Kt0WLxn9UVV1PVfbC24=
-3,13,J7rDZrlaKVUSGEOh9rYb8JHmHiU=,QyK4KnI+fiZY8a0tzDC/yeDZF64=
-3,12,J7rDZrlaKVUSGEOh9rYb8JHmHiU=,jlGinjmCXJgYCRAQgk87FVebH8c=
-3,15,J7rDZrlaKVUSGEOh9rYb8JHmHiU=,subhXvB3LJT75mxhmVnFJ8PoYgE=
-3,14,J7rDZrlaKVUSGEOh9rYb8JHmHiU=,qCIOxfzp9oQIQ7+kSQaJagqoVbs=
-3,9,J7rDZrlaKVUSGEOh9rYb8JHmHiU=,9q5GEhTwBLzLRb6vTX+mn4rMwH8=
-3,8,J7rDZrlaKVUSGEOh9rYb8JHmHiU=,86DATHAyRQZZF+gkjmwXvKIuCt4=
-3,11,J7rDZrlaKVUSGEOh9rYb8JHmHiU=,LrXGSUbiQcYpOIOWvQQtnnjolDE=
-3,10,J7rDZrlaKVUSGEOh9rYb8JHmHiU=,nmB3S9EU0+9XyGD2n8qc0vh0jjo=
-3,5,J7rDZrlaKVUSGEOh9rYb8JHmHiU=,qkZppTQNlPTXv6IFy3eVuaYlDXI=
-3,4,J7rDZrlaKVUSGEOh9rYb8JHmHiU=,S7n6ktUSDfjCLiKRhl4Kcqr3ons=
-3,7,J7rDZrlaKVUSGEOh9rYb8JHmHiU=,3rwyxovA8f+lYfXi2EnsilyMA8E=
-3,6,J7rDZrlaKVUSGEOh9rYb8JHmHiU=,Xm4kZfcDVXwOkrxS3vOyX/8yg0M=
-3,1,J7rDZrlaKVUSGEOh9rYb8JHmHiU=,txiszp21P7BkXbZ/GkCAQrppMak=
-3,0,J7rDZrlaKVUSGEOh9rYb8JHmHiU=,r+xMYTw7k5cXLKGEAUT64RHkr1I=
-3,3,J7rDZrlaKVUSGEOh9rYb8JHmHiU=,aATMxZDw7b28DYyxeHXfSwt2XZE=
-3,2,J7rDZrlaKVUSGEOh9rYb8JHmHiU=,ryDTDfn9FjUoI0XH1kEpbrD2dhA=
-2,24,J7rDZrlaKVUSGEOh9rYb8JHmHiU=,XEKuGX88L9A7TJJKybqNtpxh4Fo=
-2,22,J7rDZrlaKVUSGEOh9rYb8JHmHiU=,bWCvGWdVUpowmp2slUF+lkRf9ho=
-2,23,J7rDZrlaKVUSGEOh9rYb8JHmHiU=,bWCvGWdVUpowmp2slUF+lkRf9ho=
-2,20,J7rDZrlaKVUSGEOh9rYb8JHmHiU=,st4I3+DKz0D0f4YjeNlPXZkpWps=
-2,21,J7rDZrlaKVUSGEOh9rYb8JHmHiU=,Sl/nhcrPJziFb2N/55mz2H7cAOo=
-2,18,qHqB6kR97fS/M0PscdtziMUcwkk=,D+e7b80S2zvkFIMLA+SHVEZSfqs=
-2,19,qHqB6kR97fS/M0PscdtziMUcwkk=,OcYKfi2Blc1q2OdaeIkoM0WmyyI=
-2,16,qHqB6kR97fS/M0PscdtziMUcwkk=,y80a/W1AA+u3zM429m7Gb1/q1WY=
-2,17,qHqB6kR97fS/M0PscdtziMUcwkk=,4BopuKmAQgQnfBfMfjRtqRmiPIY=
-2,14,qHqB6kR97fS/M0PscdtziMUcwkk=,/WvlzsXUxyS1JDlwbdLhpQa9+G8=
-2,15,qHqB6kR97fS/M0PscdtziMUcwkk=,a2jxsekDglJG7UBDXryRju8KHqU=
-2,12,qHqB6kR97fS/M0PscdtziMUcwkk=,H8N2AdCnRnZaJPsqYGCjYZlpA+s=
-2,13,qHqB6kR97fS/M0PscdtziMUcwkk=,UZ2Je7RXrqPst1tFbhHlL6scsXA=
-2,10,qHqB6kR97fS/M0PscdtziMUcwkk=,Mu4NN0bCRZIcWOn7vmdqyiwvrYA=
-2,11,qHqB6kR97fS/M0PscdtziMUcwkk=,JCXyiZVE7rQRyRqU8KTgJBgFt48=
-2,8,qHqB6kR97fS/M0PscdtziMUcwkk=,1ksmWEhHfxlth3840oNRgR2nYJg=
-2,9,qHqB6kR97fS/M0PscdtziMUcwkk=,1APTmiFkun3gI9+uL4sKfKnoFYc=
-2,6,qHqB6kR97fS/M0PscdtziMUcwkk=,bP8sJjgxnq9B0909VvF1Y9QxJIQ=
-2,7,qHqB6kR97fS/M0PscdtziMUcwkk=,p2ZlD9dzAAyJmrhiaBgMZSYmoQA=
-2,4,qHqB6kR97fS/M0PscdtziMUcwkk=,WFr8TSbA2IPhdQoS3F/nztWKeuU=
-2,5,qHqB6kR97fS/M0PscdtziMUcwkk=,BX3kFX3FgCJy+Rk2DyI+/EV4gws=
-2,2,qHqB6kR97fS/M0PscdtziMUcwkk=,u5oD7tnvdgg9qypTolEzy6u9jEE=
-2,3,qHqB6kR97fS/M0PscdtziMUcwkk=,pig91YkNvDOg3bYrJXYEDa/lvpU=
-2,0,qHqB6kR97fS/M0PscdtziMUcwkk=,jfRtK0DW7AH8G1ss3IbxwShZtsw=
-2,1,qHqB6kR97fS/M0PscdtziMUcwkk=,Ie1EYA+kSWNIQvM1h0PN3Tvz6t0=
-1,24,qHqB6kR97fS/M0PscdtziMUcwkk=,/2CkzwHtErEApfSUGeYQ6ykCqbQ=
-1,23,qHqB6kR97fS/M0PscdtziMUcwkk=,bWCvGWdVUpowmp2slUF+lkRf9ho=
-1,22,qHqB6kR97fS/M0PscdtziMUcwkk=,bWCvGWdVUpowmp2slUF+lkRf9ho=
-1,21,qHqB6kR97fS/M0PscdtziMUcwkk=,ClFUGMea+ErNdTwPwtiRwUhnCAA=
-1,20,CF9IMiNXInPSTjp+rTm+mMVy4Ow=,ctykBMGUN4r+2anG0zNZ2LbG9PM=
-1,19,CF9IMiNXInPSTjp+rTm+mMVy4Ow=,j5zMtk6JF+GbR+li1wRETJ4BoJs=
-1,18,CF9IMiNXInPSTjp+rTm+mMVy4Ow=,D+e7b80S2zvkFIMLA+SHVEZSfqs=
-1,17,CF9IMiNXInPSTjp+rTm+mMVy4Ow=,WRAm75uhjiPYracRS5pTudxuhGA=
-1,16,CF9IMiNXInPSTjp+rTm+mMVy4Ow=,pl+bo2kwIez6oWdtEmVvbMgmgFc=
-1,15,CF9IMiNXInPSTjp+rTm+mMVy4Ow=,x5SoN8VzgyhevPQh9/r6PKQIjMU=
-1,14,CF9IMiNXInPSTjp+rTm+mMVy4Ow=,KAX1XrfnwxWXnT3A9uOKmlVV63U=
-1,13,CF9IMiNXInPSTjp+rTm+mMVy4Ow=,TzG/TE0M1/Aud9/LpENwaXiUsxs=
-1,12,CF9IMiNXInPSTjp+rTm+mMVy4Ow=,1qYUi2yPHScN0a4vpZfH6FSMjns=
-1,11,CF9IMiNXInPSTjp+rTm+mMVy4Ow=,Zvn4muJtaoYXE4mrUHp0B0kzGJA=
-1,10,CF9IMiNXInPSTjp+rTm+mMVy4Ow=,zXWA0NvgKsHb913ZHp0T/ZeQKzA=
-1,9,CF9IMiNXInPSTjp+rTm+mMVy4Ow=,LdXxfegeZbVyVMY/sVqkPUopgJg=
-1,8,CF9IMiNXInPSTjp+rTm+mMVy4Ow=,OptzjBFQhZk2pgW9a+Eq4au8nqg=
-1,7,CF9IMiNXInPSTjp+rTm+mMVy4Ow=,KtrYhZjyeBOEu52pNuuDRs+tWmk=
-1,6,CF9IMiNXInPSTjp+rTm+mMVy4Ow=,rhCgVLoH4cYz/vykOzzv70EggPs=
-1,5,CF9IMiNXInPSTjp+rTm+mMVy4Ow=,lnM9+8hgFR4jyhO75wKpSbRIQX4=
-1,4,CF9IMiNXInPSTjp+rTm+mMVy4Ow=,ftvuFsY6YvvgBrBz5hbtiDDEVLg=
-1,3,CF9IMiNXInPSTjp+rTm+mMVy4Ow=,D6CASY1lzHNa0yJU+8ycv8rNdgw=
-1,2,CF9IMiNXInPSTjp+rTm+mMVy4Ow=,Qtufy0Rm2UsTZJRNxXZDCmtcP/M=
-1,1,CF9IMiNXInPSTjp+rTm+mMVy4Ow=,AwNXE3i74s18MudLVmAyITBpmGA=
-1,0,CF9IMiNXInPSTjp+rTm+mMVy4Ow=,p5sMGM9hGCkvzQXMvUmwzysgPMY=
