48,-16,XjrTHudaIuGLqN9AEPtwjy56HA0=,JpcrL/+S3lS1qtXskTOpStPhApY=
48,-15,XjrTHudaIuGLqN9AEPtwjy56HA0=,JpcrL/+S3lS1qtXskTOpStPhApY=
48,-14,XjrTHudaIuGLqN9AEPtwjy56HA0=,JpcrL/+S3lS1qtXskTOpStPhApY=
48,-13,XjrTHudaIuGLqN9AEPtwjy56HA0=,JpcrL/+S3lS1qtXskTOpStPhApY=
48,-12,XjrTHudaIuGLqN9AEPtwjy56HA0=,JpcrL/+S3lS1qtXskTOpStPhApY=
48,-11,XjrTHudaIuGLqN9AEPtwjy56HA0=,JpcrL/+S3lS1qtXskTOpStPhApY=
48,-10,XjrTHudaIuGLqN9AEPtwjy56HA0=,JpcrL/+S3lS1qtXskTOpStPhApY=
48,-9,XjrTHudaIuGLqN9AEPtwjy56HA0=,JpcrL/+S3lS1qtXskTOpStPhApY=
48,-8,XjrTHudaIuGLqN9AEPtwjy56HA0=,XGoO6E44PDdPW+0DtyQS3HAE12g=
48,-7,XjrTHudaIuGLqN9AEPtwjy56HA0=,XGoO6E44PDdPW+0DtyQS3HAE12g=
48,-6,XjrTHudaIuGLqN9AEPtwjy56HA0=,XGoO6E44PDdPW+0DtyQS3HAE12g=
48,-5,XjrTHudaIuGLqN9AEPtwjy56HA0=,e6sVC9Q1NeueGhPjkRfnQS0Sx5g=
48,-4,XjrTHudaIuGLqN9AEPtwjy56HA0=,qhcfP6z+fI10zLF3rQhNXrk0uBk=
48,-3,XjrTHudaIuGLqN9AEPtwjy56HA0=,qhcfP6z+fI10zLF3rQhNXrk0uBk=
48,-2,XjrTHudaIuGLqN9AEPtwjy56HA0=,9kHElICmbQGQracxwm2znix4kck=
48,-1,XjrTHudaIuGLqN9AEPtwjy56HA0=,XGoO6E44PDdPW+0DtyQS3HAE12g=
48,-25,CnXQ9i0q18ioTZoahuPcXqHgxHA=,bOI4TMsoeofXWEO72tdYb3AxjjM=
48,-24,CnXQ9i0q18ioTZoahuPcXqHgxHA=,M7oXmxi4Hi/C8ffD/laH9uCfypg=
48,-23,CnXQ9i0q18ioTZoahuPcXqHgxHA=,M7oXmxi4Hi/C8ffD/laH9uCfypg=
48,-22,CnXQ9i0q18ioTZoahuPcXqHgxHA=,M7oXmxi4Hi/C8ffD/laH9uCfypg=
48,-21,CnXQ9i0q18ioTZoahuPcXqHgxHA=,M7oXmxi4Hi/C8ffD/laH9uCfypg=
48,-20,CnXQ9i0q18ioTZoahuPcXqHgxHA=,M7oXmxi4Hi/C8ffD/laH9uCfypg=
48,-19,CnXQ9i0q18ioTZoahuPcXqHgxHA=,M7oXmxi4Hi/C8ffD/laH9uCfypg=
48,-18,CnXQ9i0q18ioTZoahuPcXqHgxHA=,M7oXmxi4Hi/C8ffD/laH9uCfypg=
48,-17,CnXQ9i0q18ioTZoahuPcXqHgxHA=,M7oXmxi4Hi/C8ffD/laH9uCfypg=
47,-17,CnXQ9i0q18ioTZoahuPcXqHgxHA=,JaBDqryTDiLb1Z1yNu8+c9qQrew=
47,-18,CnXQ9i0q18ioTZoahuPcXqHgxHA=,4vm/RB5N6AvZTExKnqrrxPMsJL0=
47,-19,CnXQ9i0q18ioTZoahuPcXqHgxHA=,7BnTD24O4mT0yclnV6TLXoJuX/w=
47,-20,CnXQ9i0q18ioTZoahuPcXqHgxHA=,Eo9Rt1y/aIA1Z+14XKlD3iDrdtg=
47,-21,CnXQ9i0q18ioTZoahuPcXqHgxHA=,UI0vvSs4W1g5EmVhALA3+CmVLsE=
47,-22,tiEqCU0tWPcNOuk+yc9bzJz3rY8=,5ju3ozYKCn2fH3TC/E4eMH2soNI=
47,-23,tiEqCU0tWPcNOuk+yc9bzJz3rY8=,S5HdBpH4xRKSZj3yuNAEzUB9LHw=
47,-24,tiEqCU0tWPcNOuk+yc9bzJz3rY8=,+UtqfIyZQ9SAFQXH3hqTPzaS94c=
47,-25,tiEqCU0tWPcNOuk+yc9bzJz3rY8=,jQ7BiN0fLGHZTLtq9QCPMRtjtL8=
47,-1,tiEqCU0tWPcNOuk+yc9bzJz3rY8=,J4sCRcSQKQ8JVE3Ug3BcdIvKKgo=
47,-2,tiEqCU0tWPcNOuk+yc9bzJz3rY8=,DUE4sFRJqoeSih2i7BWtfEd2j8Y=
47,-3,tiEqCU0tWPcNOuk+yc9bzJz3rY8=,DUE4sFRJqoeSih2i7BWtfEd2j8Y=
47,-4,tiEqCU0tWPcNOuk+yc9bzJz3rY8=,Wz3jIAL8jR4F5YBT98tUMjZ+VHQ=
47,-5,tiEqCU0tWPcNOuk+yc9bzJz3rY8=,sjriECBIP/Ie/qMgzzmbfRQdbSs=
47,-6,tiEqCU0tWPcNOuk+yc9bzJz3rY8=,BhX+FjXt+9i0ayx/CLzWEsbIDdQ=
47,-7,tiEqCU0tWPcNOuk+yc9bzJz3rY8=,ZLIiMU81L/Hvj+S46V7uTB9EMQA=
47,-8,tiEqCU0tWPcNOuk+yc9bzJz3rY8=,j6WUiLkKKc8QilaHUuR2yTspmUY=
47,-9,tiEqCU0tWPcNOuk+yc9bzJz3rY8=,rvB7PS8Hg/38ow1GjP2fqp09UqU=
47,-10,tiEqCU0tWPcNOuk+yc9bzJz3rY8=,+Y8Rwwj968XOo23Ky/VJwqpqamA=
47,-11,tiEqCU0tWPcNOuk+yc9bzJz3rY8=,AFJXIGM6NRaMLU/K559ZjWwxriU=
47,-12,fcA54o3TBwRtqQAr9F7YlV67nzo=,x13N/bkoyPM7cfw16v9xK9PCzAo=
47,-13,fcA54o3TBwRtqQAr9F7YlV67nzo=,x13N/bkoyPM7cfw16v9xK9PCzAo=
47,-14,fcA54o3TBwRtqQAr9F7YlV67nzo=,CynMAs7niIWgT9030ILuJRveo6Q=
47,-15,fcA54o3TBwRtqQAr9F7YlV67nzo=,tTsu5xz1yfirYh7AlIF0FBWbktc=
47,-16,fcA54o3TBwRtqQAr9F7YlV67nzo=,tcMCyJLI/wmlqPEDePrYo8PsUes=
46,-18,fcA54o3TBwRtqQAr9F7YlV67nzo=,rOVQdzPcenBcZj25aieneQr8uVU=
46,-17,fcA54o3TBwRtqQAr9F7YlV67nzo=,X+v8ehfjvfQlkgu4dCDjwPwdqRE=
46,-20,fcA54o3TBwRtqQAr9F7YlV67nzo=,i/fhHZd4+ivK1fYO5tzQmnTcgmk=
46,-19,fcA54o3TBwRtqQAr9F7YlV67nzo=,yjrbN4KjiqA+CzwUZSkblMoMjxc=
46,-22,fcA54o3TBwRtqQAr9F7YlV67nzo=,rTUYO3IpVShIeRwETufAswLgL1M=
46,-21,fcA54o3TBwRtqQAr9F7YlV67nzo=,kaJ9knGlSZAYUlu7SQvsjGALaOs=
46,-24,fcA54o3TBwRtqQAr9F7YlV67nzo=,ttI/NO6aN/E9UBhfdmQBkxZ0ILE=
46,-23,fcA54o3TBwRtqQAr9F7YlV67nzo=,ZttgNIuaRcrZ7uXEmYNMzFiUODc=
46,-25,fcA54o3TBwRtqQAr9F7YlV67nzo=,jQ7BiN0fLGHZTLtq9QCPMRtjtL8=
46,-2,fcA54o3TBwRtqQAr9F7YlV67nzo=,46AjoStXijWMra6VTufDvYGISOM=
46,-1,7jdH3bEq5bVZ00XK1euatUKdNUk=,hiWqDtKpqwoCqAt3cKbrWr8iUFQ=
46,-4,7jdH3bEq5bVZ00XK1euatUKdNUk=,n6DbL37p23N93ygGQUiGttulEV8=
46,-3,7jdH3bEq5bVZ00XK1euatUKdNUk=,OJoRE0wIoroVQKab1Ufil58JK1I=
46,-6,7jdH3bEq5bVZ00XK1euatUKdNUk=,qhGkghmjLSv4BetWlQDPQLQITDk=
46,-5,7jdH3bEq5bVZ00XK1euatUKdNUk=,2RXPQcAFCYm0JrRFw15R43zg5JA=
46,-8,7jdH3bEq5bVZ00XK1euatUKdNUk=,b2x4L6NZILnyckAqdZ3Do0xShhU=
46,-7,7jdH3bEq5bVZ00XK1euatUKdNUk=,WqqV8e7xsiZ5Dx3qnb1IOuUXcWw=
46,-10,7jdH3bEq5bVZ00XK1euatUKdNUk=,m+KxvkUbJ93xCWTUc9v3bSA+lS8=
46,-9,7jdH3bEq5bVZ00XK1euatUKdNUk=,bvnP+VQH1EITTBvxF4C4w2x1ZQg=
46,-12,7jdH3bEq5bVZ00XK1euatUKdNUk=,gcK1z0BU+w7an3IwP51tDIdGCrk=
46,-11,7jdH3bEq5bVZ00XK1euatUKdNUk=,EG4BR4ibbRGXVyyD4VSVDqzLhMI=
46,-14,7jdH3bEq5bVZ00XK1euatUKdNUk=,tKFQrM7CRs+wslAre2Qbr9t6C2U=
46,-13,7jdH3bEq5bVZ00XK1euatUKdNUk=,xRIOk6lwAOgtlh5DOt3Yo2n4XQk=
46,-16,7jdH3bEq5bVZ00XK1euatUKdNUk=,8CYIzqOI322f49tgw3ePxUL6ZSs=
46,-15,7jdH3bEq5bVZ00XK1euatUKdNUk=,VAa1iNkUjWbMPLJaNwxjUb07ZPo=
45,-19,7jdH3bEq5bVZ00XK1euatUKdNUk=,ovFNm7IKzAYie+wBlSXrCG+9wG4=
45,-20,7jdH3bEq5bVZ00XK1euatUKdNUk=,quQqbyMZeYKo6hLUubhH9UvdoQc=
45,-17,ys8Rr72QQXaC9ChFrDuuyL3AUTQ=,CcUubiiqxprKd8hIrbMNo/fjq7Q=
45,-18,ys8Rr72QQXaC9ChFrDuuyL3AUTQ=,TAxmNuUeK2jRv76vOrKPOJSai+c=
45,-23,ys8Rr72QQXaC9ChFrDuuyL3AUTQ=,FmB+5+wmyfzjan08twN6QRZS/fE=
45,-24,ys8Rr72QQXaC9ChFrDuuyL3AUTQ=,zdqaPZfS/3Gar/mdukNlM4r7PQU=
45,-21,ys8Rr72QQXaC9ChFrDuuyL3AUTQ=,Ymnlz21ptppHypmvj+4Wsq6YVLo=
45,-22,ys8Rr72QQXaC9ChFrDuuyL3AUTQ=,A7n7MejbNwxP/JjJpLbzll34OQ0=
45,-25,ys8Rr72QQXaC9ChFrDuuyL3AUTQ=,jQ7BiN0fLGHZTLtq9QCPMRtjtL8=
45,-3,ys8Rr72QQXaC9ChFrDuuyL3AUTQ=,G9Pbjrs9UqrVAT395z/fTZmktSI=
45,-4,ys8Rr72QQXaC9ChFrDuuyL3AUTQ=,zOzrzrYqna2lNfCtMaEljJg2ED0=
45,-1,ys8Rr72QQXaC9ChFrDuuyL3AUTQ=,nLxg3gN+jfMhqcWdEzRKjsQW/Wk=
45,-2,ys8Rr72QQXaC9ChFrDuuyL3AUTQ=,Ap9ulXqk4Ej8qTDwtJlEIM3M7+s=
45,-7,ys8Rr72QQXaC9ChFrDuuyL3AUTQ=,mTLo57IFAoVMIi+U86PySXRyw5Q=
45,-8,ys8Rr72QQXaC9ChFrDuuyL3AUTQ=,g3jdS7+iYpEK8oQINMp6Atwwl9w=
45,-5,ys8Rr72QQXaC9ChFrDuuyL3AUTQ=,i3afH7j3uR1S8aFr+G2l4suYjQc=
45,-6,ys8Rr72QQXaC9ChFrDuuyL3AUTQ=,qhGkghmjLSv4BetWlQDPQLQITDk=
45,-11,ys8Rr72QQXaC9ChFrDuuyL3AUTQ=,v4r3vw7UU81tbnwA1cC0kfBUin4=
45,-12,WLYSZ+agdc4CrfIxnF5kQdkRRB0=,/R/3bwflx5oYl3u1zj7XkZ0o7hI=
45,-9,WLYSZ+agdc4CrfIxnF5kQdkRRB0=,bvnP+VQH1EITTBvxF4C4w2x1ZQg=
45,-10,WLYSZ+agdc4CrfIxnF5kQdkRRB0=,pbu+kA+7x8zCva0diAeASXaw73M=
45,-15,WLYSZ+agdc4CrfIxnF5kQdkRRB0=,O0II3xj17pxQOhflvPERLa59j5k=
45,-16,WLYSZ+agdc4CrfIxnF5kQdkRRB0=,Z7+xFLnUpBVPdJW/S+PHXu754yA=
45,-13,WLYSZ+agdc4CrfIxnF5kQdkRRB0=,w6XrIlNZd4rAStQ+Dxryh3pZYEM=
45,-14,WLYSZ+agdc4CrfIxnF5kQdkRRB0=,msHZKk51yuluPFJZolxZhxlm9V0=
44,-20,WLYSZ+agdc4CrfIxnF5kQdkRRB0=,IrzdY4QsNIZU9DDBjxQ6vyMV5rA=
44,-19,WLYSZ+agdc4CrfIxnF5kQdkRRB0=,xBPBs1ryosETcIXjH8bz4ygIoSU=
44,-18,WLYSZ+agdc4CrfIxnF5kQdkRRB0=,L3/vYEM+pd1qkiSOdAvrr4NFMRc=
44,-17,WLYSZ+agdc4CrfIxnF5kQdkRRB0=,6Lvg0wWVBkxlgzrz2baN15oRzmo=
44,-24,WLYSZ+agdc4CrfIxnF5kQdkRRB0=,rxeBllHJRJmk+53i0++hAgRCnO8=
44,-23,WLYSZ+agdc4CrfIxnF5kQdkRRB0=,1yv5abpOMISKlq5LiiwJ+0pgK6I=
44,-22,WLYSZ+agdc4CrfIxnF5kQdkRRB0=,9Usg7uXH6DvpNHT0+T2A86ojq6E=
44,-21,GtHhFtVND+hDeZn8nc1n+3o43bU=,V/Ol5qqI2Q+d2Q5nZR9kWZp7ti0=
44,-25,GtHhFtVND+hDeZn8nc1n+3o43bU=,jQ7BiN0fLGHZTLtq9QCPMRtjtL8=
44,-4,GtHhFtVND+hDeZn8nc1n+3o43bU=,Hs3PcwB7hgfef5iE17fNwkQfy+w=
44,-3,GtHhFtVND+hDeZn8nc1n+3o43bU=,xWtRkrSGaTca6gaX8gkziAwoV9w=
44,-2,GtHhFtVND+hDeZn8nc1n+3o43bU=,oIcL4nVGx1iLAcPjP/iJZzOcLEQ=
44,-1,GtHhFtVND+hDeZn8nc1n+3o43bU=,Y7appyVZVMPQ0DPb6pwi3MpGXb4=
44,-8,GtHhFtVND+hDeZn8nc1n+3o43bU=,ddi+kPGcI4VKr1QnsAhbfREwSY0=
44,-7,GtHhFtVND+hDeZn8nc1n+3o43bU=,38mw0YQjmFX7LGnb06+19lAZrP4=
44,-6,GtHhFtVND+hDeZn8nc1n+3o43bU=,qhGkghmjLSv4BetWlQDPQLQITDk=
44,-5,GtHhFtVND+hDeZn8nc1n+3o43bU=,zGi2TQjrDziVLPt+lQKVAbUXoMA=
44,-12,GtHhFtVND+hDeZn8nc1n+3o43bU=,lOCAYh7/S0uG/ZkvDcG8Ou3xxZE=
44,-11,GtHhFtVND+hDeZn8nc1n+3o43bU=,T7HrNYVmGdVRQ1Dqv217BA3da8E=
44,-10,GtHhFtVND+hDeZn8nc1n+3o43bU=,ro1crWO7CKvIGtqtCKnl3clhp48=
44,-9,GtHhFtVND+hDeZn8nc1n+3o43bU=,sdtTJxxY1+4kyY1YEg0uwLRBcGY=
44,-16,GtHhFtVND+hDeZn8nc1n+3o43bU=,Z7+xFLnUpBVPdJW/S+PHXu754yA=
44,-15,GtHhFtVND+hDeZn8nc1n+3o43bU=,KJsqur8OIF4Zl9TCw8HDPRhhdqY=
44,-14,GtHhFtVND+hDeZn8nc1n+3o43bU=,zvcPIM/DB39q0ijOfFPJDDvOAiY=
44,-13,GtHhFtVND+hDeZn8nc1n+3o43bU=,C1fNtf9ymHV26X9yDLJBehM6wBM=
43,-21,GtHhFtVND+hDeZn8nc1n+3o43bU=,lwvSyX1eyC16UltSmnRel7TlEew=
43,-22,GtHhFtVND+hDeZn8nc1n+3o43bU=,ForxARUul8Jv3wVJI9idQd2wJ7U=
43,-23,uRhXM91ZN8aTPoBkVj3eAfFD4Bw=,B8yyrVmVxg8QunMSIjXdiv4bRiQ=
43,-24,uRhXM91ZN8aTPoBkVj3eAfFD4Bw=,SevLrr8veVS9avzSt4+e7hHSRLY=
43,-17,uRhXM91ZN8aTPoBkVj3eAfFD4Bw=,LyRpVcbI/iJTky6OAmILPChZeAg=
43,-18,uRhXM91ZN8aTPoBkVj3eAfFD4Bw=,A4/ZQwlicFxADl321TIcGoUh8+8=
43,-19,uRhXM91ZN8aTPoBkVj3eAfFD4Bw=,z2mfHhqQsUayXaEsDHaXZvghpAY=
43,-20,uRhXM91ZN8aTPoBkVj3eAfFD4Bw=,/iLB4/OYYLHO0OiZ2E8AFsUCtTg=
43,-25,uRhXM91ZN8aTPoBkVj3eAfFD4Bw=,jQ7BiN0fLGHZTLtq9QCPMRtjtL8=
43,-5,uRhXM91ZN8aTPoBkVj3eAfFD4Bw=,1yvZ+AF92QvmsDufM/Guckh9hlM=
43,-6,uRhXM91ZN8aTPoBkVj3eAfFD4Bw=,RVi7r2LFe662ykfmCDvt+WtKmbQ=
43,-7,uRhXM91ZN8aTPoBkVj3eAfFD4Bw=,2zjuHy5SnWNKgsEXxuU6DQhYY44=
43,-8,uRhXM91ZN8aTPoBkVj3eAfFD4Bw=,b8z7NVMk3MvLF9vT3IfE/08SANc=
43,-1,uRhXM91ZN8aTPoBkVj3eAfFD4Bw=,NlvjcTzTUjx53t91Xm2PxjOYI8o=
43,-2,uRhXM91ZN8aTPoBkVj3eAfFD4Bw=,x1DA+QglvJuFKNOudnx2PxTtjeM=
43,-3,uRhXM91ZN8aTPoBkVj3eAfFD4Bw=,oNemLI6CFCTGhsMqQA/fjbalTfw=
43,-4,uRhXM91ZN8aTPoBkVj3eAfFD4Bw=,2Qw09vVDdxFMxb1dGAjQ4GyoriE=
43,-13,L2N+XceseGTPko/oqVK+ate3Gxw=,C1fNtf9ymHV26X9yDLJBehM6wBM=
43,-14,L2N+XceseGTPko/oqVK+ate3Gxw=,zvcPIM/DB39q0ijOfFPJDDvOAiY=
43,-15,L2N+XceseGTPko/oqVK+ate3Gxw=,uzXQXU4VRVhvNpkz1aeuPF1KdJ0=
43,-16,L2N+XceseGTPko/oqVK+ate3Gxw=,7hC4TlQ+PVE742AP7gxmwlphDlM=
43,-9,L2N+XceseGTPko/oqVK+ate3Gxw=,YgwbpS+RH5eEba57uAZgt+N1PqE=
43,-10,L2N+XceseGTPko/oqVK+ate3Gxw=,La1T21h0gXf8XhyklTHgyLfxMWQ=
43,-11,L2N+XceseGTPko/oqVK+ate3Gxw=,La1T21h0gXf8XhyklTHgyLfxMWQ=
43,-12,L2N+XceseGTPko/oqVK+ate3Gxw=,SoTkJJ+s8Frca8KIm2ScjViKeY0=
42,-22,L2N+XceseGTPko/oqVK+ate3Gxw=,60tRW1+TXSwbKFTH3+60r2CLplo=
42,-21,L2N+XceseGTPko/oqVK+ate3Gxw=,VDBdsOuy7mdQQtwaZOFcyhEhZ4E=
42,-24,L2N+XceseGTPko/oqVK+ate3Gxw=,RY6P9zjVkpbNHBSD1WYVBOvF6gQ=
42,-23,L2N+XceseGTPko/oqVK+ate3Gxw=,R3clgQ+86fZLFrKkPouaE/Nl68c=
42,-18,L2N+XceseGTPko/oqVK+ate3Gxw=,OZKv69eHiOlBDncbBlP0djrqkyE=
42,-17,L2N+XceseGTPko/oqVK+ate3Gxw=,aenGAmXBCuLTXAImo6gLvIRmebw=
42,-20,L2N+XceseGTPko/oqVK+ate3Gxw=,yeBW0usWPyMnD7x43g6VxVIpw78=
42,-19,vQgAS6M6p/POFCegaDNKWiMquRE=,QBYBg+1NKqGNkfE/diI7i9YmKdU=
42,-25,vQgAS6M6p/POFCegaDNKWiMquRE=,jQ7BiN0fLGHZTLtq9QCPMRtjtL8=
42,-6,vQgAS6M6p/POFCegaDNKWiMquRE=,AsmkpJFuoOfwY7ChdVX4n/P0hbs=
42,-5,vQgAS6M6p/POFCegaDNKWiMquRE=,aRlyvuQKyCmnuBSjB1BwzZlxxJE=
42,-8,vQgAS6M6p/POFCegaDNKWiMquRE=,6RTZyELD45750fctN4uptCYnFZw=
42,-7,vQgAS6M6p/POFCegaDNKWiMquRE=,LjoKXTOqtqkzRGNFZSip9jBzL5I=
42,-2,vQgAS6M6p/POFCegaDNKWiMquRE=,MT00bk8rYx9mf+OI1BzfKnO+hnM=
42,-1,vQgAS6M6p/POFCegaDNKWiMquRE=,kCFM4MBcYF19wqxECJRQIRMf/3E=
42,-4,vQgAS6M6p/POFCegaDNKWiMquRE=,lwizJa1z6+N9BRAKsUUG+8JE0IQ=
42,-3,vQgAS6M6p/POFCegaDNKWiMquRE=,oNemLI6CFCTGhsMqQA/fjbalTfw=
42,-14,vQgAS6M6p/POFCegaDNKWiMquRE=,lFxJtK8g1ZTUBidZiuyREktGUMA=
42,-13,vQgAS6M6p/POFCegaDNKWiMquRE=,nQDP9oFnb7GywDEO8oZLf8RUs9w=
42,-16,vQgAS6M6p/POFCegaDNKWiMquRE=,JSz/DdE37rcNCerjbOMFisDhE9o=
42,-15,vQgAS6M6p/POFCegaDNKWiMquRE=,e24ljQiRW1oZHEzjfIP+wwbHYKI=
42,-10,vQgAS6M6p/POFCegaDNKWiMquRE=,OEWTGaaHynGo2w7ZwH715KMQpko=
42,-9,vQgAS6M6p/POFCegaDNKWiMquRE=,rkaPuS7ukELDrHPr9IvItqF2N84=
42,-12,vQgAS6M6p/POFCegaDNKWiMquRE=,yRB5Y+ElL3Kuy1dQaI2DgrOteds=
42,-11,vQgAS6M6p/POFCegaDNKWiMquRE=,hF6nmz/Cg7vyXF5VZJKIqVDCqLo=
41,-23,Eze44rxFi7OinSsd4r4auy7/nMU=,Qub9hfJPpZOPnLO/dEdbXmMi85k=
41,-24,Eze44rxFi7OinSsd4r4auy7/nMU=,Qub9hfJPpZOPnLO/dEdbXmMi85k=
41,-21,Eze44rxFi7OinSsd4r4auy7/nMU=,IgLTaHoVQ3drK8jn4/vCRnsUoq0=
41,-22,Eze44rxFi7OinSsd4r4auy7/nMU=,YqwIxQKEfgBO1zlomDcntAn3l2w=
41,-19,Eze44rxFi7OinSsd4r4auy7/nMU=,8VWLYOZGWp0cmswTYC8gzrkJhQY=
41,-20,Eze44rxFi7OinSsd4r4auy7/nMU=,OrGiWJ0NHv11zptJ+wugytaHSNI=
41,-17,Eze44rxFi7OinSsd4r4auy7/nMU=,3EuIPBpNWSxKv5enP+LO6guDAFI=
41,-18,Eze44rxFi7OinSsd4r4auy7/nMU=,sceCiCZ46zWF5V9vIbHRK9va3PE=
41,-25,Eze44rxFi7OinSsd4r4auy7/nMU=,jQ7BiN0fLGHZTLtq9QCPMRtjtL8=
41,-7,Eze44rxFi7OinSsd4r4auy7/nMU=,NYwCaZTTI7TPjx/sx//cm7Lorfw=
41,-8,Eze44rxFi7OinSsd4r4auy7/nMU=,6RTZyELD45750fctN4uptCYnFZw=
41,-5,Eze44rxFi7OinSsd4r4auy7/nMU=,CBf5DDVzr2S+mlblyFi2v1hALVI=
41,-6,Eze44rxFi7OinSsd4r4auy7/nMU=,3V3CxccIRKi+Aeg8nGKPuzq63C0=
41,-3,Eze44rxFi7OinSsd4r4auy7/nMU=,oNemLI6CFCTGhsMqQA/fjbalTfw=
41,-4,oTdQowlqjY6IJHOqgXlLu3z5x+E=,QLePbFWHhZloBVfvZj+MVhr+8Ls=
41,-1,oTdQowlqjY6IJHOqgXlLu3z5x+E=,1UStDQuytPSV9mQwsAX1vocvR/w=
41,-2,oTdQowlqjY6IJHOqgXlLu3z5x+E=,4WNcUb2bwosODokEDRvtzrKhzxQ=
41,-15,oTdQowlqjY6IJHOqgXlLu3z5x+E=,JPPNyZxytc+ow63jJOy1O9o3YYg=
41,-16,oTdQowlqjY6IJHOqgXlLu3z5x+E=,yWkWz2XmSwdIjnpnPuos9HJ/B34=
41,-13,oTdQowlqjY6IJHOqgXlLu3z5x+E=,L2Xib25j+gFu8/9KQsaDjg1i288=
41,-14,oTdQowlqjY6IJHOqgXlLu3z5x+E=,pBnoMv1R61fyk9yI07zDwjF7V8s=
41,-11,oTdQowlqjY6IJHOqgXlLu3z5x+E=,kilCWDxvIQsw3spq8Th6Gw9nJBw=
41,-12,oTdQowlqjY6IJHOqgXlLu3z5x+E=,L2Xib25j+gFu8/9KQsaDjg1i288=
41,-9,oTdQowlqjY6IJHOqgXlLu3z5x+E=,07RSHtnDk2bMxBgMdbzudDhP8ls=
41,-10,oTdQowlqjY6IJHOqgXlLu3z5x+E=,jX+yacnodsfaEVGlC9Xs6LJqmwU=
40,-24,oTdQowlqjY6IJHOqgXlLu3z5x+E=,Qub9hfJPpZOPnLO/dEdbXmMi85k=
40,-23,oTdQowlqjY6IJHOqgXlLu3z5x+E=,Qub9hfJPpZOPnLO/dEdbXmMi85k=
40,-22,oTdQowlqjY6IJHOqgXlLu3z5x+E=,68VJeXPNnD8lUUSE0bG1ltXEv6I=
40,-21,oTdQowlqjY6IJHOqgXlLu3z5x+E=,4dLaMhUtXdbnuW119LbouWlLkCg=
40,-20,oTdQowlqjY6IJHOqgXlLu3z5x+E=,AZmLG27j3D0/+y0IABa4e+IQq4k=
40,-19,oTdQowlqjY6IJHOqgXlLu3z5x+E=,jy+qKZATV5RsOngbMyyGdhNy170=
40,-18,oTdQowlqjY6IJHOqgXlLu3z5x+E=,t6ideLb6HQmMhAcDSFmXBEcgQ9g=
40,-17,+ffYk/8KAK/5BfrCFQOIkqKCTC8=,2L2holehxqKHOzIRh6rPMSXBHIU=
40,-25,+ffYk/8KAK/5BfrCFQOIkqKCTC8=,jQ7BiN0fLGHZTLtq9QCPMRtjtL8=
40,-8,+ffYk/8KAK/5BfrCFQOIkqKCTC8=,8i3o/xqRpXtrvLmdmAva08eyM9c=
40,-7,+ffYk/8KAK/5BfrCFQOIkqKCTC8=,9XgW8csMv1fjb3zbitOO3vs5jVM=
40,-6,+ffYk/8KAK/5BfrCFQOIkqKCTC8=,vnokOOiRRAcYxUPBOTSEXD98fTs=
40,-5,+ffYk/8KAK/5BfrCFQOIkqKCTC8=,GWUWAyh1kXnXDbI6qZEsLjOOYOg=
40,-4,+ffYk/8KAK/5BfrCFQOIkqKCTC8=,ZGytokS48nH/oj1H0ZHlmgLeWq4=
40,-3,+ffYk/8KAK/5BfrCFQOIkqKCTC8=,oNemLI6CFCTGhsMqQA/fjbalTfw=
40,-2,+ffYk/8KAK/5BfrCFQOIkqKCTC8=,8ZXnl6Gxg6krobht/BXmU05emuA=
40,-1,+ffYk/8KAK/5BfrCFQOIkqKCTC8=,DpEqhv8D8Kll8yVPMLfGWht+IEo=
40,-16,+ffYk/8KAK/5BfrCFQOIkqKCTC8=,7hcSMQNzn3W4BzM15gABGVt4C7M=
40,-15,+ffYk/8KAK/5BfrCFQOIkqKCTC8=,fXvJDSC76Y+OMbBCcgyklXZV/fY=
40,-14,+ffYk/8KAK/5BfrCFQOIkqKCTC8=,RtpJ4nvvNUHg9DfKo7CLuMKSmh8=
40,-13,+ffYk/8KAK/5BfrCFQOIkqKCTC8=,RtpJ4nvvNUHg9DfKo7CLuMKSmh8=
40,-12,tcQt2HsK4/L4A7zK/mCHJ7noQNE=,RtpJ4nvvNUHg9DfKo7CLuMKSmh8=
40,-11,tcQt2HsK4/L4A7zK/mCHJ7noQNE=,RtpJ4nvvNUHg9DfKo7CLuMKSmh8=
40,-10,tcQt2HsK4/L4A7zK/mCHJ7noQNE=,10txQ9LUJ5Qv0ETG/XfHkdNW/ok=
40,-9,tcQt2HsK4/L4A7zK/mCHJ7noQNE=,2b0BWxDz0U9B3XfYfxhE+c7pcus=
39,-25,tcQt2HsK4/L4A7zK/mCHJ7noQNE=,mWFgaK2F2mwJ9AIPUeHr+ITOZy0=
39,-17,tcQt2HsK4/L4A7zK/mCHJ7noQNE=,MJbGqZoj5e2AvPlBXjIgUHbtJsQ=
39,-18,tcQt2HsK4/L4A7zK/mCHJ7noQNE=,s6t+k091752micAaUxbOeDywsZg=
39,-19,tcQt2HsK4/L4A7zK/mCHJ7noQNE=,ipyTOh2xovGHH5KwkP0pfXjDgeA=
39,-20,tcQt2HsK4/L4A7zK/mCHJ7noQNE=,cMM3tk41VaOW8PRQZ1kYRHsx+Us=
39,-21,tcQt2HsK4/L4A7zK/mCHJ7noQNE=,V4VCVO+Mrg5D1JPgtyOklTl/gzQ=
39,-22,tcQt2HsK4/L4A7zK/mCHJ7noQNE=,nmdMtidmZQOFvUjqjIuNfWt5dj8=
39,-23,tcQt2HsK4/L4A7zK/mCHJ7noQNE=,zzCJDWeYxVt+uF+aAx+ehYaTV1g=
39,-24,tcQt2HsK4/L4A7zK/mCHJ7noQNE=,X/Xb/144Vgw+muUdGdM8+xkYcqg=
39,-9,tcQt2HsK4/L4A7zK/mCHJ7noQNE=,kPOEtnZMsABCzChxxR2bI1pLfvM=
39,-10,yMXkvfWcV3zdNiZaGi2cTXtw6hQ=,kPOEtnZMsABCzChxxR2bI1pLfvM=
39,-11,yMXkvfWcV3zdNiZaGi2cTXtw6hQ=,kPOEtnZMsABCzChxxR2bI1pLfvM=
39,-12,yMXkvfWcV3zdNiZaGi2cTXtw6hQ=,PqCNkuXJz0zXiqQRzYT889i6uYk=
39,-13,yMXkvfWcV3zdNiZaGi2cTXtw6hQ=,6MWQB6vMQ1eP90svfF1AkO0eCAM=
39,-14,yMXkvfWcV3zdNiZaGi2cTXtw6hQ=,HomZGclffmDsnFmzCA6Sitzp6z4=
39,-15,yMXkvfWcV3zdNiZaGi2cTXtw6hQ=,Rzsj9tj9Ly8MM0q6C1xymX0VB9M=
39,-16,yMXkvfWcV3zdNiZaGi2cTXtw6hQ=,c3SKWCKe0H2l1SeTbA0lEuc2FAk=
39,-1,yMXkvfWcV3zdNiZaGi2cTXtw6hQ=,TnzNw6l6LAGOoj+Wl3+elFq3lMI=
39,-2,yMXkvfWcV3zdNiZaGi2cTXtw6hQ=,/I3qo1lnj3uwVjY63/nKUYoIzpo=
39,-3,yMXkvfWcV3zdNiZaGi2cTXtw6hQ=,/I3qo1lnj3uwVjY63/nKUYoIzpo=
39,-4,yMXkvfWcV3zdNiZaGi2cTXtw6hQ=,7AvsNHvMk9KSJQl10trHIKoSy/Q=
39,-5,yMXkvfWcV3zdNiZaGi2cTXtw6hQ=,1mR8PWuczXbpI76nxLtbPJa1uzk=
39,-6,yMXkvfWcV3zdNiZaGi2cTXtw6hQ=,8C7GWvptLJlAJHdhCLisV2kk/H4=
39,-7,yMXkvfWcV3zdNiZaGi2cTXtw6hQ=,2aurIOtKgRKZoca8Q5gOpZ3O9Dk=
39,-8,yMXkvfWcV3zdNiZaGi2cTXtw6hQ=,25NOvyFWUK0BGmAbyugcY11OC4g=
38,-25,yMXkvfWcV3zdNiZaGi2cTXtw6hQ=,lR1+Y4Ks9kjpTAQJVCvmovSP3iM=
38,-18,ja+bv/42RUlQXxi9gAVYXSmu/YE=,12JRlr39e+KVscoHjrH+Pcmj8W0=
38,-17,ja+bv/42RUlQXxi9gAVYXSmu/YE=,bGeEAa2J74+gk3QRM5fsOiJuqSM=
38,-20,ja+bv/42RUlQXxi9gAVYXSmu/YE=,o+oLY6HxN/6SfFQzIjjzoB8jhlk=
38,-19,ja+bv/42RUlQXxi9gAVYXSmu/YE=,BL8pE32d94bP8kyziwdyXuhtQGs=
38,-22,ja+bv/42RUlQXxi9gAVYXSmu/YE=,vH86oGZSWrDggF4BH4O/0Q7zV1I=
38,-21,ja+bv/42RUlQXxi9gAVYXSmu/YE=,LlDyuYPXvA2DFt7FY6jMv4DuRvI=
38,-24,ja+bv/42RUlQXxi9gAVYXSmu/YE=,rbgVb5I5dLb1OK+E4NfF+SrF+X8=
38,-23,ja+bv/42RUlQXxi9gAVYXSmu/YE=,G8rX0jGtAysw5dcuusDniMnwHC4=
38,-10,ja+bv/42RUlQXxi9gAVYXSmu/YE=,l7RX1otPi+RasmwwUywj2tmXtcs=
38,-9,ja+bv/42RUlQXxi9gAVYXSmu/YE=,kPOEtnZMsABCzChxxR2bI1pLfvM=
38,-12,ja+bv/42RUlQXxi9gAVYXSmu/YE=,6tKMx3fbrmC718wv7zSSBXE4OkA=
38,-11,ja+bv/42RUlQXxi9gAVYXSmu/YE=,QeFKnJ4tpLfx1cJhXctA33vvQlU=
38,-14,ja+bv/42RUlQXxi9gAVYXSmu/YE=,vBrKu8Vj5zg8y56JC8AE8XLUUi0=
38,-13,D6mNyP38KJbeImiZmrj9VmDxMBw=,Ldp7ZHcjrDRVQDoJ0Z/p/scPHkE=
38,-16,D6mNyP38KJbeImiZmrj9VmDxMBw=,mJzAxYFHzzp7IbQXXhG5Rj/sUBc=
38,-15,D6mNyP38KJbeImiZmrj9VmDxMBw=,8vBd4kN3mpGulujkF+8HBMDeycw=
38,-2,D6mNyP38KJbeImiZmrj9VmDxMBw=,xRkoybNb1nndA4SuksbegXHWyvg=
38,-1,D6mNyP38KJbeImiZmrj9VmDxMBw=,NB7xp90Z/sRLBu8TQQDr/Si5vXA=
38,-4,D6mNyP38KJbeImiZmrj9VmDxMBw=,Y2IPNBiuzlMOqzMFfspxmzy7D/8=
38,-3,D6mNyP38KJbeImiZmrj9VmDxMBw=,rLlJw8YT9VS7sJCJwP/Krfk9sWs=
38,-6,D6mNyP38KJbeImiZmrj9VmDxMBw=,YkGsVkJ7jxFxXj1YFPlFW601pdQ=
38,-5,D6mNyP38KJbeImiZmrj9VmDxMBw=,49eCjJXEvcLPdieBazyrneYuCZw=
38,-8,D6mNyP38KJbeImiZmrj9VmDxMBw=,VsFxyd+wF3FN/T0QZ9SYGTQ48HI=
38,-7,D6mNyP38KJbeImiZmrj9VmDxMBw=,TibXerNwLUiIjq8mLX/3Lr+s0SM=
37,-25,D6mNyP38KJbeImiZmrj9VmDxMBw=,lR1+Y4Ks9kjpTAQJVCvmovSP3iM=
37,-19,D6mNyP38KJbeImiZmrj9VmDxMBw=,1AdNh4xi/rHFA6w38IywdEzCZpY=
37,-20,D6mNyP38KJbeImiZmrj9VmDxMBw=,JLjqw3VN3MCrE22jaNhb2VyU6LE=
37,-17,D6mNyP38KJbeImiZmrj9VmDxMBw=,37Q2Dxthbaj6hBCSthQiQ0LplS8=
37,-18,rwLnNyA8m3EzwzUGUzfoguq8joE=,12JRlr39e+KVscoHjrH+Pcmj8W0=
37,-23,rwLnNyA8m3EzwzUGUzfoguq8joE=,G8rX0jGtAysw5dcuusDniMnwHC4=
37,-24,rwLnNyA8m3EzwzUGUzfoguq8joE=,aHwYD3dfliNWsjWQFZPJQk/pyOE=
37,-21,rwLnNyA8m3EzwzUGUzfoguq8joE=,ev3noEYBwoEmEdAxmxd6a3Y0Z80=
37,-22,rwLnNyA8m3EzwzUGUzfoguq8joE=,IeFuFaLrXQg+muN5Ma3HwkYN+qg=
37,-11,rwLnNyA8m3EzwzUGUzfoguq8joE=,VQ+Oa9f+Q/PcpkTMB0Wktga44Tw=
37,-12,rwLnNyA8m3EzwzUGUzfoguq8joE=,HiZac6LlPKMrzOSwD26QRrazGmQ=
37,-9,rwLnNyA8m3EzwzUGUzfoguq8joE=,l7RX1otPi+RasmwwUywj2tmXtcs=
37,-10,rwLnNyA8m3EzwzUGUzfoguq8joE=,Ru6B34f9vcSdvPBjMDEl3QZvRIs=
37,-15,rwLnNyA8m3EzwzUGUzfoguq8joE=,i9ByTpUsWBznVj1TjGOKHD9a6rE=
37,-16,rwLnNyA8m3EzwzUGUzfoguq8joE=,s/qR8bxgiaMXGJ3BNgtkfK//m+Y=
37,-13,rwLnNyA8m3EzwzUGUzfoguq8joE=,MES+E8AXE0/XENTFZ++ZpOv1lBA=
37,-14,h/z8pucnLiSQdK6Tlm49bU/DNKM=,pS5EDTYDImZ1tCWKN2qMC5TgklY=
37,-3,h/z8pucnLiSQdK6Tlm49bU/DNKM=,fRRm2qCsHQ1ixOlxH3kZrjjqaGE=
37,-4,h/z8pucnLiSQdK6Tlm49bU/DNKM=,9TOtJo4Iacs2wKo3ZElHbmGwxhk=
37,-1,h/z8pucnLiSQdK6Tlm49bU/DNKM=,UlvS0+i7tu954xeHLLCKcs+w8U0=
37,-2,h/z8pucnLiSQdK6Tlm49bU/DNKM=,9DZhtWyNiUzx+tEb9Vgr9OdAlwY=
37,-7,h/z8pucnLiSQdK6Tlm49bU/DNKM=,0rJuRI9/cyWb+Les5eAKwXkGs3M=
37,-8,h/z8pucnLiSQdK6Tlm49bU/DNKM=,QizHIYO3j21VZ8RVy+3OCNEMuv0=
37,-5,h/z8pucnLiSQdK6Tlm49bU/DNKM=,4w4qNOOF2xsd0kbEP6GPBxVoOMk=
37,-6,h/z8pucnLiSQdK6Tlm49bU/DNKM=,v/RNXE2Nl6XcbBgE9gWtvM8kqe0=
36,-25,h/z8pucnLiSQdK6Tlm49bU/DNKM=,y2LuTn1KhPp6qnAU7sBiwgIXdeU=
36,-20,h/z8pucnLiSQdK6Tlm49bU/DNKM=,JLjqw3VN3MCrE22jaNhb2VyU6LE=
36,-19,h/z8pucnLiSQdK6Tlm49bU/DNKM=,TDLRuZDeDTfpwDhiwk8K9UAzRLI=
36,-18,h/z8pucnLiSQdK6Tlm49bU/DNKM=,yX/mFQdWSmv0sXKmzEo2a4OOSf0=
36,-17,h/z8pucnLiSQdK6Tlm49bU/DNKM=,37Q2Dxthbaj6hBCSthQiQ0LplS8=
36,-24,h/z8pucnLiSQdK6Tlm49bU/DNKM=,aHwYD3dfliNWsjWQFZPJQk/pyOE=
36,-23,EhiPPpH7yIVgutkpkdYd49VsZSk=,G8rX0jGtAysw5dcuusDniMnwHC4=
36,-22,EhiPPpH7yIVgutkpkdYd49VsZSk=,fJwVksGvfYd7quKNEKLBNlziljU=
36,-21,EhiPPpH7yIVgutkpkdYd49VsZSk=,JLjqw3VN3MCrE22jaNhb2VyU6LE=
36,-12,EhiPPpH7yIVgutkpkdYd49VsZSk=,MdoeAJvHFsturz54yW1C+CQASSc=
36,-11,EhiPPpH7yIVgutkpkdYd49VsZSk=,6TEDKxScGdqb1SSdZkVW7XTUTxY=
36,-10,EhiPPpH7yIVgutkpkdYd49VsZSk=,QjOBF55ZOKrLIyEIekretuIf6fc=
36,-9,EhiPPpH7yIVgutkpkdYd49VsZSk=,EJ9LqKzIedYMEDt5l58v8UJsIpk=
36,-16,EhiPPpH7yIVgutkpkdYd49VsZSk=,xlKj3zgL212xB/Tr1NR9DEgJKY0=
36,-15,EhiPPpH7yIVgutkpkdYd49VsZSk=,h2NT4wwRCg0pTivrsYVLEoO5eH4=
36,-14,EhiPPpH7yIVgutkpkdYd49VsZSk=,K49JJVT4Nh7obobAfK7Q/vT6fys=
36,-13,EhiPPpH7yIVgutkpkdYd49VsZSk=,j3ydhg5ePAOr5O4UWfRipotWYtc=
36,-4,EhiPPpH7yIVgutkpkdYd49VsZSk=,+QcGlAgPrRC7x+hikllYK4RCEEQ=
36,-3,EhiPPpH7yIVgutkpkdYd49VsZSk=,zHZO+w068/pIgR3sxwWXvV9D/ds=
36,-2,s+WJfaoKN9XIpOudtpcg9hyquBQ=,USjr9GCGn91UCPXuKNJKNaTDSL4=
36,-1,s+WJfaoKN9XIpOudtpcg9hyquBQ=,hoc3SpoUV8rcxObhMrBXkwpKFZo=
36,-8,s+WJfaoKN9XIpOudtpcg9hyquBQ=,7BiAN1BoxIjL7CkVg6gOzkDF/iI=
36,-7,s+WJfaoKN9XIpOudtpcg9hyquBQ=,8Jkzbs4eGpNISW8LksznEEs38IY=
36,-6,s+WJfaoKN9XIpOudtpcg9hyquBQ=,fIcw1RehHwloNdDUNaSo4lFRSyk=
36,-5,s+WJfaoKN9XIpOudtpcg9hyquBQ=,hkLn5oElfjZVSh3Fx+Yky4KpkuI=
35,-25,s+WJfaoKN9XIpOudtpcg9hyquBQ=,WOizE93lREcLQekuQrstvuwXF2o=
35,-21,s+WJfaoKN9XIpOudtpcg9hyquBQ=,IP23ybjNoEUt72zTmXQ95o/620M=
35,-22,s+WJfaoKN9XIpOudtpcg9hyquBQ=,hIqpLpbOW3k9S7riX4zKZZYW98U=
35,-23,s+WJfaoKN9XIpOudtpcg9hyquBQ=,EpDfCk2dQsygj9XgvuasR1AlVYk=
35,-24,s+WJfaoKN9XIpOudtpcg9hyquBQ=,Vp97sxVltUDbXMK1mEI8SrUa1rs=
35,-17,s+WJfaoKN9XIpOudtpcg9hyquBQ=,6YbnmqV7Q/Xq4ySHQoNBY5EsOfE=
35,-18,s+WJfaoKN9XIpOudtpcg9hyquBQ=,66pLRnNLaNBLGXvT1FNBZzifCkE=
35,-19,s+WJfaoKN9XIpOudtpcg9hyquBQ=,TBz4CfrPcYROJRXPIliMPAAvd7g=
35,-20,icyxESIpClGqoDIe7mq8OX0Y5O4=,AnMy4Zh/1Wyx9XP6/aVNdXSCeLs=
35,-13,icyxESIpClGqoDIe7mq8OX0Y5O4=,MduT8qJXdT9w0W2qIJlpTbBlvyc=
35,-14,icyxESIpClGqoDIe7mq8OX0Y5O4=,m51sR1lOJV5HirLRDGp060Irbuc=
35,-15,icyxESIpClGqoDIe7mq8OX0Y5O4=,uZ1spj0m/uzddVB4nX394Ku4VSY=
35,-16,icyxESIpClGqoDIe7mq8OX0Y5O4=,T80r7BRS+b3rknjm3aEWguiicPI=
35,-9,icyxESIpClGqoDIe7mq8OX0Y5O4=,6hJheJRblHwrJdUrJvKxhUU0kro=
35,-10,icyxESIpClGqoDIe7mq8OX0Y5O4=,SDlbtfWwcIv8KFFwi6mxFV6seqI=
35,-11,icyxESIpClGqoDIe7mq8OX0Y5O4=,tV667OQCTCmTRPgQ9OjEYBa0A/s=
35,-12,icyxESIpClGqoDIe7mq8OX0Y5O4=,tV667OQCTCmTRPgQ9OjEYBa0A/s=
35,-5,icyxESIpClGqoDIe7mq8OX0Y5O4=,CoZCry4UXqv6UbcDe7vu00uaZSs=
35,-6,icyxESIpClGqoDIe7mq8OX0Y5O4=,fIcw1RehHwloNdDUNaSo4lFRSyk=
35,-7,icyxESIpClGqoDIe7mq8OX0Y5O4=,kmZHOc9IKcp44edbr2ULn/0MvJ8=
35,-8,icyxESIpClGqoDIe7mq8OX0Y5O4=,/36GzfGBCLk2YRLRCexDLozR/xw=
35,-1,icyxESIpClGqoDIe7mq8OX0Y5O4=,BDW5Lj/B+JrHcQAl7fiKBdxl4fM=
35,-2,icyxESIpClGqoDIe7mq8OX0Y5O4=,QlOWGdGHF1kHtr7m1y+PN4BBFMQ=
35,-3,kZtwN8TcoDfBsqpkYDH4Q+kraf8=,QlOWGdGHF1kHtr7m1y+PN4BBFMQ=
35,-4,kZtwN8TcoDfBsqpkYDH4Q+kraf8=,gWwh1HT8zL2D1+MgchbDj6xKsU4=
34,-25,kZtwN8TcoDfBsqpkYDH4Q+kraf8=,WOizE93lREcLQekuQrstvuwXF2o=
34,-22,kZtwN8TcoDfBsqpkYDH4Q+kraf8=,pv0sEAwT1mJh2SRP0X7qnbw/hVU=
34,-21,kZtwN8TcoDfBsqpkYDH4Q+kraf8=,Y4LEZ9kNpi9OqB6tEnVh3b/0YKU=
34,-24,kZtwN8TcoDfBsqpkYDH4Q+kraf8=,1iNYcaZzIttZ+8NcrAmEbezKeZY=
34,-23,kZtwN8TcoDfBsqpkYDH4Q+kraf8=,fSq+InX+vGFxkXaUoe9ztHMWQZM=
34,-18,kZtwN8TcoDfBsqpkYDH4Q+kraf8=,CGbjxUvdQVlQOFgE83KvhUB95mM=
34,-17,kZtwN8TcoDfBsqpkYDH4Q+kraf8=,V3QmJePvXDDd3Qrm2fVg99hxUAg=
34,-20,kZtwN8TcoDfBsqpkYDH4Q+kraf8=,VSKI792vpDwBYVJbyhcNaqo5p+I=
34,-19,kZtwN8TcoDfBsqpkYDH4Q+kraf8=,D6ItFKVmoZkHrW6QjIyDcF/CXSs=
34,-14,kZtwN8TcoDfBsqpkYDH4Q+kraf8=,KqnmW+e1dhqjcYG/TUwdgjg6W3w=
34,-13,kZtwN8TcoDfBsqpkYDH4Q+kraf8=,LWWWUz9jWVET1z+7gQEkIFxiyj8=
34,-16,jhDeIlEC5ROrR61OcYU/Bu6kqbI=,nAPl2Us67UtB6UZvb8hY5QyP4gU=
34,-15,jhDeIlEC5ROrR61OcYU/Bu6kqbI=,9LNiNimdFEzjk9IgFEkVbHhteQk=
34,-10,jhDeIlEC5ROrR61OcYU/Bu6kqbI=,Sxbe29AHJGqPqtmXAgRgbQBM+gM=
34,-9,jhDeIlEC5ROrR61OcYU/Bu6kqbI=,0Ayx+t7P3HZHJXFdWgUOwriY6d0=
34,-12,jhDeIlEC5ROrR61OcYU/Bu6kqbI=,TGGDFZSs9r/fQuqz0D4Di6CSJmo=
34,-11,jhDeIlEC5ROrR61OcYU/Bu6kqbI=,irLkAg5S6vyXoco5P9p0gJD61Fo=
34,-6,jhDeIlEC5ROrR61OcYU/Bu6kqbI=,Wp9VjxjgsC5G7LG2S4GZkisSqP0=
34,-5,jhDeIlEC5ROrR61OcYU/Bu6kqbI=,ANQHQeN6Ba+I7FTOU2VlVgnHEzE=
34,-8,jhDeIlEC5ROrR61OcYU/Bu6kqbI=,0E5JAUYZ+QoiQxXLTpAzyQSndxk=
34,-7,jhDeIlEC5ROrR61OcYU/Bu6kqbI=,iLY3o38DuZFNTsWLRuteoiQXCv0=
34,-2,jhDeIlEC5ROrR61OcYU/Bu6kqbI=,5sHAd2IQwbLg+UjDL5peNGyvqD0=
34,-1,jhDeIlEC5ROrR61OcYU/Bu6kqbI=,w8XkgMVkpEAEXqKlWOpiBIx28XE=
34,-4,jhDeIlEC5ROrR61OcYU/Bu6kqbI=,5sHAd2IQwbLg+UjDL5peNGyvqD0=
34,-3,jhDeIlEC5ROrR61OcYU/Bu6kqbI=,5sHAd2IQwbLg+UjDL5peNGyvqD0=
33,-25,jhDeIlEC5ROrR61OcYU/Bu6kqbI=,oZ+N4FzZoJqmuOl6rE7ByoUP7DQ=
33,-23,jhDeIlEC5ROrR61OcYU/Bu6kqbI=,LyAFcOMTcI/hNR6580huijaXNu4=
33,-24,GgexS7WX89/y2jmF7nKtJHOEUUc=,ozvrf56qanedmv7SCvsjfGzXOpg=
33,-21,GgexS7WX89/y2jmF7nKtJHOEUUc=,32yI8ejDlj7mCVEdBvmetAGlW+k=
33,-22,GgexS7WX89/y2jmF7nKtJHOEUUc=,s45i+7z33dD78+uPdygcBijg5qc=
33,-19,GgexS7WX89/y2jmF7nKtJHOEUUc=,rJS2xrZAUXTpUQg0wIls16YQD7M=
33,-20,GgexS7WX89/y2jmF7nKtJHOEUUc=,rJS2xrZAUXTpUQg0wIls16YQD7M=
33,-17,GgexS7WX89/y2jmF7nKtJHOEUUc=,YwekAaYcXI9f1YGhvBV44aLcKLk=
33,-18,GgexS7WX89/y2jmF7nKtJHOEUUc=,iO4QYDhdrywyGf50+k+iE8ojRWg=
33,-15,GgexS7WX89/y2jmF7nKtJHOEUUc=,FkrtJa5C5aFQgEjh4f1O3AcZzjk=
33,-16,GgexS7WX89/y2jmF7nKtJHOEUUc=,TKLNVzrsJPi+RscSH9wAMc0R6ck=
33,-13,GgexS7WX89/y2jmF7nKtJHOEUUc=,v/yDBr4wk+REscx18KUVh2160V4=
33,-14,GgexS7WX89/y2jmF7nKtJHOEUUc=,D+dtfMmRVehU6QYFRayBaDuYbaw=
33,-11,Jup2Vg8zOJweW5/H3g6pILBV618=,61vNVGiCxapjacwYLJ9FoYnkp5E=
33,-12,Jup2Vg8zOJweW5/H3g6pILBV618=,3HUwfLPbDBX4PbYCWeaNA77O9tU=
33,-9,Jup2Vg8zOJweW5/H3g6pILBV618=,zCG0zPLdlGJwM7U7YITLjTxumm0=
33,-10,Jup2Vg8zOJweW5/H3g6pILBV618=,93PHR6ZJgTZQI8TUxT0M7z4kpAA=
33,-7,Jup2Vg8zOJweW5/H3g6pILBV618=,2Mc2Y4k6NyqOsDMlJQG0dVs2Kco=
33,-8,Jup2Vg8zOJweW5/H3g6pILBV618=,tJAqNrB++9lWffnvbJFSayWgdvg=
33,-5,Jup2Vg8zOJweW5/H3g6pILBV618=,8Fhstws/wLG64kW/WJC3N9wLt1g=
33,-6,Jup2Vg8zOJweW5/H3g6pILBV618=,klPrKUG/eBBHMv9ygO7VpX6RxzA=
33,-3,Jup2Vg8zOJweW5/H3g6pILBV618=,FEY0iRC3kcaAJPyr62A2Kq+FN6g=
33,-4,Jup2Vg8zOJweW5/H3g6pILBV618=,q5vbq01fnruz5s8yWhzjCSM5UuI=
33,-1,Jup2Vg8zOJweW5/H3g6pILBV618=,8ozMK+KX5EP2KOhNxKBFeERp9fk=
33,-2,Jup2Vg8zOJweW5/H3g6pILBV618=,6WNA1FoIJ6zyOL9sUuwwOPhKbec=
32,-25,Jup2Vg8zOJweW5/H3g6pILBV618=,wEWTTNb9FRvZCBdEZStO7uwX3Qg=
32,-24,Jup2Vg8zOJweW5/H3g6pILBV618=,yvBNvJI3i7nykzaZzZSeTDq97A4=
32,-23,Jup2Vg8zOJweW5/H3g6pILBV618=,ozvrf56qanedmv7SCvsjfGzXOpg=
32,-22,l2ozMsM4LobCQREQFcj4K0U2zBw=,caUpy48Px6QG5F+IcmFsG9uYQSE=
32,-21,l2ozMsM4LobCQREQFcj4K0U2zBw=,OFFKOxJfwODKJELyGs4RMe0hkR4=
32,-20,l2ozMsM4LobCQREQFcj4K0U2zBw=,vlEDQH7lzeG9Iq2aw9F64YJtt1k=
32,-19,l2ozMsM4LobCQREQFcj4K0U2zBw=,3GRCYuEJqARjiwwDeUr4mGO0LjA=
32,-18,l2ozMsM4LobCQREQFcj4K0U2zBw=,OM4l5f1Zkw8FtGaDaMIf/xl8/94=
32,-17,l2ozMsM4LobCQREQFcj4K0U2zBw=,hy3TvII8ehxoZc7i4dxckRxrLyA=
32,-16,l2ozMsM4LobCQREQFcj4K0U2zBw=,1FOWRVSBjgaa6uVtoRF8bW+9jOc=
32,-15,l2ozMsM4LobCQREQFcj4K0U2zBw=,IgdVT7Iu2HLqKGgptcFKTj6pGGc=
32,-14,l2ozMsM4LobCQREQFcj4K0U2zBw=,5DM4gu4iePMC8+hT35WilrfWTNo=
32,-13,l2ozMsM4LobCQREQFcj4K0U2zBw=,57ntgKTOHbMqbXfpsdHIFi0QwXk=
32,-12,l2ozMsM4LobCQREQFcj4K0U2zBw=,57ntgKTOHbMqbXfpsdHIFi0QwXk=
32,-11,l2ozMsM4LobCQREQFcj4K0U2zBw=,5INcTMfPZBYLjv1M4/vJdX3Z5tw=
32,-10,l2ozMsM4LobCQREQFcj4K0U2zBw=,tXn3odfRT4tRk2ocModhNJGZQPo=
32,-9,l2ozMsM4LobCQREQFcj4K0U2zBw=,W0uTjLtmTRqldVGl1WXPuWXFQ44=
32,-8,l2ozMsM4LobCQREQFcj4K0U2zBw=,Jw9biIfDyJHPZCdDDYWdx+yWlGs=
32,-7,l2ozMsM4LobCQREQFcj4K0U2zBw=,Qo0gNLsgMAjQ3QbkUnkw2S8eH4k=
32,-6,l2ozMsM4LobCQREQFcj4K0U2zBw=,ACFpSGkgfUex7Ne/WH4r4HlLXFk=
32,-5,l2ozMsM4LobCQREQFcj4K0U2zBw=,+L3j6ShMlwskElXxmq/hXGMJCoc=
32,-4,l2ozMsM4LobCQREQFcj4K0U2zBw=,1sx6eePyxUDydZf7p4a60A87Qic=
32,-3,l2ozMsM4LobCQREQFcj4K0U2zBw=,20B1RhbX8Ox9DnEcu1GK/J5fWXw=
32,-2,0mOwLfOZR+lttgRPVgtOLVviTRQ=,6ph/raUwRfB6BrDfoMMXYttcBuI=
32,-1,0mOwLfOZR+lttgRPVgtOLVviTRQ=,edQa5g/1OTIRwWEsiIVJszppGFA=
