-18,1,4mZO9VOohfXfYgs72D9rMEJk7tg=,lfBnOrLS63C+2pX3VeMoxpWh02s=
-19,1,4mZO9VOohfXfYgs72D9rMEJk7tg=,dgUSuwIpbDufgn5vXOoXM4f62sU=
-18,2,4mZO9VOohfXfYgs72D9rMEJk7tg=,QOTo9IstuQkdOve3y1TQbHrhYfw=
-19,2,4mZO9VOohfXfYgs72D9rMEJk7tg=,R5EYQ05/HyQV0h2bFoqOYS+4Nqw=
-20,1,6FILhg6QWQ/v2sJHKRLS0/xYZfE=,dgUSuwIpbDufgn5vXOoXM4f62sU=
-21,1,6FILhg6QWQ/v2sJHKRLS0/xYZfE=,uGL50tOAMpFnzDb/dgaITDJuvH0=
-20,2,6FILhg6QWQ/v2sJHKRLS0/xYZfE=,R5EYQ05/HyQV0h2bFoqOYS+4Nqw=
-21,2,6FILhg6QWQ/v2sJHKRLS0/xYZfE=,s0B9unSaMtNlkozYyK6Afd9en+I=
-22,3,6FILhg6QWQ/v2sJHKRLS0/xYZfE=,s0B9unSaMtNlkozYyK6Afd9en+I=
-23,4,6FILhg6QWQ/v2sJHKRLS0/xYZfE=,gtNbQwowIyLbYcK8PXtnjFxhoz0=
-22,4,6FILhg6QWQ/v2sJHKRLS0/xYZfE=,Oo2x93LmBcQ0ozQZWT8fyz/3N9o=
-23,3,6FILhg6QWQ/v2sJHKRLS0/xYZfE=,FRBm56sUxC4awexPqOp96iuxtFA=
-22,1,24T//pUTONzs0IJxX3zS+xi56FI=,uGL50tOAMpFnzDb/dgaITDJuvH0=
-22,2,24T//pUTONzs0IJxX3zS+xi56FI=,s0B9unSaMtNlkozYyK6Afd9en+I=
-23,2,24T//pUTONzs0IJxX3zS+xi56FI=,FRBm56sUxC4awexPqOp96iuxtFA=
-23,1,24T//pUTONzs0IJxX3zS+xi56FI=,CQneQYNZE+rp5Y3Wn+OFz43aF4w=
-25,3,24T//pUTONzs0IJxX3zS+xi56FI=,K+LMmaCbB4rTqG0tbj0n3wxktzU=
-25,4,24T//pUTONzs0IJxX3zS+xi56FI=,pLLJxlld6BtY0azNAsCKXIZIJS4=
-24,3,24T//pUTONzs0IJxX3zS+xi56FI=,FRBm56sUxC4awexPqOp96iuxtFA=
-24,4,24T//pUTONzs0IJxX3zS+xi56FI=,gtNbQwowIyLbYcK8PXtnjFxhoz0=
-24,2,24T//pUTONzs0IJxX3zS+xi56FI=,FRBm56sUxC4awexPqOp96iuxtFA=
-25,2,24T//pUTONzs0IJxX3zS+xi56FI=,K+LMmaCbB4rTqG0tbj0n3wxktzU=
-24,1,24T//pUTONzs0IJxX3zS+xi56FI=,CQneQYNZE+rp5Y3Wn+OFz43aF4w=
-25,1,24T//pUTONzs0IJxX3zS+xi56FI=,3vaaywuVfnMVWTglDZbJr8exB4Y=
-25,5,GaxKu6KMRSzn75Afu0Zjbx70Z0A=,pLLJxlld6BtY0azNAsCKXIZIJS4=
-24,5,GaxKu6KMRSzn75Afu0Zjbx70Z0A=,gtNbQwowIyLbYcK8PXtnjFxhoz0=
-25,6,GaxKu6KMRSzn75Afu0Zjbx70Z0A=,/12skKJcBFXGWid/FF8ivwZBLrQ=
-24,6,GaxKu6KMRSzn75Afu0Zjbx70Z0A=,eRi2uzG1yQ75c8nNYZItv1Xb1bw=
-22,5,GaxKu6KMRSzn75Afu0Zjbx70Z0A=,Oo2x93LmBcQ0ozQZWT8fyz/3N9o=
-23,6,GaxKu6KMRSzn75Afu0Zjbx70Z0A=,eRi2uzG1yQ75c8nNYZItv1Xb1bw=
-23,5,GaxKu6KMRSzn75Afu0Zjbx70Z0A=,gtNbQwowIyLbYcK8PXtnjFxhoz0=
-22,6,GaxKu6KMRSzn75Afu0Zjbx70Z0A=,S/w1wzhipEnKYA8HDhi1NkdwG+g=
-22,7,UREu206+Z3qaaGZSyPya0z+PyEU=,S/w1wzhipEnKYA8HDhi1NkdwG+g=
-22,8,UREu206+Z3qaaGZSyPya0z+PyEU=,aNSJEHSlewhHk7FTzZTENTM/0Xc=
-23,8,UREu206+Z3qaaGZSyPya0z+PyEU=,H1JrepTVWeIyVRZSorLC28LCe2c=
-23,7,UREu206+Z3qaaGZSyPya0z+PyEU=,eRi2uzG1yQ75c8nNYZItv1Xb1bw=
-20,8,UREu206+Z3qaaGZSyPya0z+PyEU=,HcgTO4oSwW2WrOvm5P2r2zNW8yQ=
-20,7,UREu206+Z3qaaGZSyPya0z+PyEU=,sRvaYrmHh9c3FFBejbozp6ME4NI=
-21,8,UREu206+Z3qaaGZSyPya0z+PyEU=,aNSJEHSlewhHk7FTzZTENTM/0Xc=
-21,7,UREu206+Z3qaaGZSyPya0z+PyEU=,S/w1wzhipEnKYA8HDhi1NkdwG+g=
-20,10,UREu206+Z3qaaGZSyPya0z+PyEU=,vxAlZyRrVQEZXbcatth+5/V3Flg=
-20,9,UREu206+Z3qaaGZSyPya0z+PyEU=,HcgTO4oSwW2WrOvm5P2r2zNW8yQ=
-21,9,UREu206+Z3qaaGZSyPya0z+PyEU=,aNSJEHSlewhHk7FTzZTENTM/0Xc=
-21,10,UREu206+Z3qaaGZSyPya0z+PyEU=,MRdzEVKykiLt//1RZE44XfvwTR0=
-23,9,NrMf7X2lMlfWsbuqqii3wXUcKxw=,H1JrepTVWeIyVRZSorLC28LCe2c=
-22,9,NrMf7X2lMlfWsbuqqii3wXUcKxw=,aNSJEHSlewhHk7FTzZTENTM/0Xc=
-22,10,NrMf7X2lMlfWsbuqqii3wXUcKxw=,MRdzEVKykiLt//1RZE44XfvwTR0=
-23,10,NrMf7X2lMlfWsbuqqii3wXUcKxw=,0L9Ojk2UrO11NvugyS+BLxAK2Rs=
-20,11,NrMf7X2lMlfWsbuqqii3wXUcKxw=,vxAlZyRrVQEZXbcatth+5/V3Flg=
-20,12,NrMf7X2lMlfWsbuqqii3wXUcKxw=,scwsMuBiMA66hcZjcFEUxZkkCEc=
-21,12,NrMf7X2lMlfWsbuqqii3wXUcKxw=,0wDShhOWrrHyNcj5QDnQMWEOM1Y=
-21,11,NrMf7X2lMlfWsbuqqii3wXUcKxw=,MRdzEVKykiLt//1RZE44XfvwTR0=
-22,12,NrMf7X2lMlfWsbuqqii3wXUcKxw=,0wDShhOWrrHyNcj5QDnQMWEOM1Y=
-23,11,NrMf7X2lMlfWsbuqqii3wXUcKxw=,0L9Ojk2UrO11NvugyS+BLxAK2Rs=
-23,12,NrMf7X2lMlfWsbuqqii3wXUcKxw=,8e4TzJXJBgg1PImg9nbFgVRtxuk=
-22,11,NrMf7X2lMlfWsbuqqii3wXUcKxw=,MRdzEVKykiLt//1RZE44XfvwTR0=
-21,13,NrMf7X2lMlfWsbuqqii3wXUcKxw=,0wDShhOWrrHyNcj5QDnQMWEOM1Y=
-20,13,NrMf7X2lMlfWsbuqqii3wXUcKxw=,scwsMuBiMA66hcZjcFEUxZkkCEc=
-20,14,NrMf7X2lMlfWsbuqqii3wXUcKxw=,1ddeNiVKpysI25/0+q1zThS5ukg=
-21,14,NrMf7X2lMlfWsbuqqii3wXUcKxw=,WEy/h1M4gFymaBtqS/TzNhOR72U=
-22,14,US0qeKiBB91xf7WSZi/ewUIZRRc=,WEy/h1M4gFymaBtqS/TzNhOR72U=
-23,14,US0qeKiBB91xf7WSZi/ewUIZRRc=,2BbV0hKUD4yKy1Vgg8l1QVcV3jg=
-22,13,US0qeKiBB91xf7WSZi/ewUIZRRc=,0wDShhOWrrHyNcj5QDnQMWEOM1Y=
-23,13,US0qeKiBB91xf7WSZi/ewUIZRRc=,8e4TzJXJBgg1PImg9nbFgVRtxuk=
-24,14,KSJOMN8klygGd6TH6/AGPof4v/Q=,2BbV0hKUD4yKy1Vgg8l1QVcV3jg=
-25,14,KSJOMN8klygGd6TH6/AGPof4v/Q=,aUiGUyVFAjvPztI3RnFooZba+hM=
-25,13,KSJOMN8klygGd6TH6/AGPof4v/Q=,Igru6nHdmX5tOySu3E0kTCE9f9Q=
-24,13,KSJOMN8klygGd6TH6/AGPof4v/Q=,8e4TzJXJBgg1PImg9nbFgVRtxuk=
-27,13,KSJOMN8klygGd6TH6/AGPof4v/Q=,1JO4vVD+m5xUf6R5sx08SeBeaug=
-27,14,KSJOMN8klygGd6TH6/AGPof4v/Q=,UNo7yJjUobKqq3FiaRdu5EYb424=
-26,14,KSJOMN8klygGd6TH6/AGPof4v/Q=,aUiGUyVFAjvPztI3RnFooZba+hM=
-26,13,KSJOMN8klygGd6TH6/AGPof4v/Q=,Igru6nHdmX5tOySu3E0kTCE9f9Q=
-28,13,Vki9ua6y9H9PSlV7Vq9429NsB9g=,1JO4vVD+m5xUf6R5sx08SeBeaug=
-28,14,Vki9ua6y9H9PSlV7Vq9429NsB9g=,UNo7yJjUobKqq3FiaRdu5EYb424=
-29,13,Vki9ua6y9H9PSlV7Vq9429NsB9g=,9I4GoTFnYPeAw+KkKi3ADuCLRvY=
-29,14,Vki9ua6y9H9PSlV7Vq9429NsB9g=,Hk3UFZjUlrO+dIe/AoHwt+hxReU=
-31,14,Vki9ua6y9H9PSlV7Vq9429NsB9g=,kwRwPVNhuy3+PYTPbcZj+0KHNw0=
-30,13,Vki9ua6y9H9PSlV7Vq9429NsB9g=,9I4GoTFnYPeAw+KkKi3ADuCLRvY=
-30,14,Vki9ua6y9H9PSlV7Vq9429NsB9g=,Hk3UFZjUlrO+dIe/AoHwt+hxReU=
-31,13,Vki9ua6y9H9PSlV7Vq9429NsB9g=,TAnM274G14qLgbcgaXGT58RdCGo=
-31,12,UfeY9NM1koOSKzuQErZoB8hW9Ns=,TAnM274G14qLgbcgaXGT58RdCGo=
-31,11,UfeY9NM1koOSKzuQErZoB8hW9Ns=,TAnM274G14qLgbcgaXGT58RdCGo=
-30,12,UfeY9NM1koOSKzuQErZoB8hW9Ns=,9I4GoTFnYPeAw+KkKi3ADuCLRvY=
-30,11,UfeY9NM1koOSKzuQErZoB8hW9Ns=,2rQlNZcK0DOpIssovtM+EMhbv2c=
-30,10,UfeY9NM1koOSKzuQErZoB8hW9Ns=,2rQlNZcK0DOpIssovtM+EMhbv2c=
-31,9,UfeY9NM1koOSKzuQErZoB8hW9Ns=,5wC/unqJe9GHtCjjzggvSuJ/o0U=
-31,10,UfeY9NM1koOSKzuQErZoB8hW9Ns=,TAnM274G14qLgbcgaXGT58RdCGo=
-30,9,UfeY9NM1koOSKzuQErZoB8hW9Ns=,xTEylzt4jQiXhQzQUrF+mdlaSeE=
-30,7,UfeY9NM1koOSKzuQErZoB8hW9Ns=,fuHJoHOo6ZwYpXq2EwXfWDUFGfk=
-31,7,UfeY9NM1koOSKzuQErZoB8hW9Ns=,wDWmvTV4UJoFoPzGnFLW4G47Y94=
-31,8,UfeY9NM1koOSKzuQErZoB8hW9Ns=,5wC/unqJe9GHtCjjzggvSuJ/o0U=
-30,8,UfeY9NM1koOSKzuQErZoB8hW9Ns=,xTEylzt4jQiXhQzQUrF+mdlaSeE=
-30,6,6YdaEknrzVnoZx44q+JxRySVRDI=,fuHJoHOo6ZwYpXq2EwXfWDUFGfk=
-31,6,6YdaEknrzVnoZx44q+JxRySVRDI=,wDWmvTV4UJoFoPzGnFLW4G47Y94=
-31,5,6YdaEknrzVnoZx44q+JxRySVRDI=,CbyVhLY6DLXO0yPNP8PsL2KJSj4=
-30,5,6YdaEknrzVnoZx44q+JxRySVRDI=,ota/jDYkedZeTf2kaSXKdLP1+wg=
-30,4,6YdaEknrzVnoZx44q+JxRySVRDI=,ota/jDYkedZeTf2kaSXKdLP1+wg=
-31,4,6YdaEknrzVnoZx44q+JxRySVRDI=,CbyVhLY6DLXO0yPNP8PsL2KJSj4=
-30,3,6YdaEknrzVnoZx44q+JxRySVRDI=,rXdv5jEHQQAtRNilQokYT6RLGN4=
-31,3,6YdaEknrzVnoZx44q+JxRySVRDI=,M7Tp4gI5hq8f+7hKwMK+Hbanm9M=
-29,2,9Hj7vAgGj6JpIjcPf5RdHoE4bts=,rXdv5jEHQQAtRNilQokYT6RLGN4=
-27,2,9Hj7vAgGj6JpIjcPf5RdHoE4bts=,6MGtjDXjyHntoj/ukWxQ0tBmzAM=
-26,2,9Hj7vAgGj6JpIjcPf5RdHoE4bts=,K+LMmaCbB4rTqG0tbj0n3wxktzU=
-28,2,9Hj7vAgGj6JpIjcPf5RdHoE4bts=,6MGtjDXjyHntoj/ukWxQ0tBmzAM=
-29,1,9Hj7vAgGj6JpIjcPf5RdHoE4bts=,yE2nh+M3tKbAeypNiVh8NbPfjjw=
-27,1,9Hj7vAgGj6JpIjcPf5RdHoE4bts=,80hvoj/FDvXwPIem+NoqP4UNXJ4=
-28,1,9Hj7vAgGj6JpIjcPf5RdHoE4bts=,80hvoj/FDvXwPIem+NoqP4UNXJ4=
-26,1,9Hj7vAgGj6JpIjcPf5RdHoE4bts=,3vaaywuVfnMVWTglDZbJr8exB4Y=
-28,4,9Hj7vAgGj6JpIjcPf5RdHoE4bts=,vxeNvrX1WOkrwGrMZHcdTIUrdpQ=
-28,3,9Hj7vAgGj6JpIjcPf5RdHoE4bts=,6MGtjDXjyHntoj/ukWxQ0tBmzAM=
-27,3,9Hj7vAgGj6JpIjcPf5RdHoE4bts=,6MGtjDXjyHntoj/ukWxQ0tBmzAM=
-27,4,9Hj7vAgGj6JpIjcPf5RdHoE4bts=,vxeNvrX1WOkrwGrMZHcdTIUrdpQ=
-29,4,9Hj7vAgGj6JpIjcPf5RdHoE4bts=,ota/jDYkedZeTf2kaSXKdLP1+wg=
-26,4,9Hj7vAgGj6JpIjcPf5RdHoE4bts=,pLLJxlld6BtY0azNAsCKXIZIJS4=
-26,3,9Hj7vAgGj6JpIjcPf5RdHoE4bts=,K+LMmaCbB4rTqG0tbj0n3wxktzU=
-29,3,BuGg20wkSgO8/L5mI72aQVQ94x0=,rXdv5jEHQQAtRNilQokYT6RLGN4=
-28,5,BuGg20wkSgO8/L5mI72aQVQ94x0=,vxeNvrX1WOkrwGrMZHcdTIUrdpQ=
-29,5,BuGg20wkSgO8/L5mI72aQVQ94x0=,ota/jDYkedZeTf2kaSXKdLP1+wg=
-28,6,BuGg20wkSgO8/L5mI72aQVQ94x0=,dGTedrjHFmS5zEEH6mutRxDAARU=
-29,6,BuGg20wkSgO8/L5mI72aQVQ94x0=,fuHJoHOo6ZwYpXq2EwXfWDUFGfk=
-27,5,BuGg20wkSgO8/L5mI72aQVQ94x0=,vxeNvrX1WOkrwGrMZHcdTIUrdpQ=
-26,5,BuGg20wkSgO8/L5mI72aQVQ94x0=,pLLJxlld6BtY0azNAsCKXIZIJS4=
-26,6,BuGg20wkSgO8/L5mI72aQVQ94x0=,/12skKJcBFXGWid/FF8ivwZBLrQ=
-27,6,BuGg20wkSgO8/L5mI72aQVQ94x0=,dGTedrjHFmS5zEEH6mutRxDAARU=
-29,7,BuGg20wkSgO8/L5mI72aQVQ94x0=,fuHJoHOo6ZwYpXq2EwXfWDUFGfk=
-29,8,BuGg20wkSgO8/L5mI72aQVQ94x0=,xTEylzt4jQiXhQzQUrF+mdlaSeE=
-28,7,BuGg20wkSgO8/L5mI72aQVQ94x0=,dGTedrjHFmS5zEEH6mutRxDAARU=
-28,8,BuGg20wkSgO8/L5mI72aQVQ94x0=,S5E8d5mesNuPTyGM0lgOMVgWGrI=
-26,8,BuGg20wkSgO8/L5mI72aQVQ94x0=,R+nk1Kh6BGjPtZAvg7zedKuPeRc=
-26,7,BuGg20wkSgO8/L5mI72aQVQ94x0=,/12skKJcBFXGWid/FF8ivwZBLrQ=
-25,7,BuGg20wkSgO8/L5mI72aQVQ94x0=,/12skKJcBFXGWid/FF8ivwZBLrQ=
-27,8,BuGg20wkSgO8/L5mI72aQVQ94x0=,S5E8d5mesNuPTyGM0lgOMVgWGrI=
-27,7,BuGg20wkSgO8/L5mI72aQVQ94x0=,dGTedrjHFmS5zEEH6mutRxDAARU=
-24,7,BuGg20wkSgO8/L5mI72aQVQ94x0=,eRi2uzG1yQ75c8nNYZItv1Xb1bw=
-25,8,BuGg20wkSgO8/L5mI72aQVQ94x0=,R+nk1Kh6BGjPtZAvg7zedKuPeRc=
-24,8,BuGg20wkSgO8/L5mI72aQVQ94x0=,H1JrepTVWeIyVRZSorLC28LCe2c=
-29,9,1P0Ud6KMuPGUFRpMb1Rt1HlpB5k=,xTEylzt4jQiXhQzQUrF+mdlaSeE=
-28,9,1P0Ud6KMuPGUFRpMb1Rt1HlpB5k=,S5E8d5mesNuPTyGM0lgOMVgWGrI=
-29,10,1P0Ud6KMuPGUFRpMb1Rt1HlpB5k=,2rQlNZcK0DOpIssovtM+EMhbv2c=
-28,10,1P0Ud6KMuPGUFRpMb1Rt1HlpB5k=,V84JuN+bKrWhh4mD9ckBVUQtd0s=
-28,11,1P0Ud6KMuPGUFRpMb1Rt1HlpB5k=,V84JuN+bKrWhh4mD9ckBVUQtd0s=
-29,11,1P0Ud6KMuPGUFRpMb1Rt1HlpB5k=,2rQlNZcK0DOpIssovtM+EMhbv2c=
-28,12,1P0Ud6KMuPGUFRpMb1Rt1HlpB5k=,1JO4vVD+m5xUf6R5sx08SeBeaug=
-29,12,1P0Ud6KMuPGUFRpMb1Rt1HlpB5k=,9I4GoTFnYPeAw+KkKi3ADuCLRvY=
-26,9,1P0Ud6KMuPGUFRpMb1Rt1HlpB5k=,R+nk1Kh6BGjPtZAvg7zedKuPeRc=
-27,9,1P0Ud6KMuPGUFRpMb1Rt1HlpB5k=,S5E8d5mesNuPTyGM0lgOMVgWGrI=
-27,10,1P0Ud6KMuPGUFRpMb1Rt1HlpB5k=,V84JuN+bKrWhh4mD9ckBVUQtd0s=
-27,12,1P0Ud6KMuPGUFRpMb1Rt1HlpB5k=,1JO4vVD+m5xUf6R5sx08SeBeaug=
-25,9,1P0Ud6KMuPGUFRpMb1Rt1HlpB5k=,R+nk1Kh6BGjPtZAvg7zedKuPeRc=
-24,11,1P0Ud6KMuPGUFRpMb1Rt1HlpB5k=,0L9Ojk2UrO11NvugyS+BLxAK2Rs=
-27,11,1P0Ud6KMuPGUFRpMb1Rt1HlpB5k=,V84JuN+bKrWhh4mD9ckBVUQtd0s=
-26,10,1P0Ud6KMuPGUFRpMb1Rt1HlpB5k=,iftKsWg0Rsg1FfntdQThwEjQGuw=
-26,11,1P0Ud6KMuPGUFRpMb1Rt1HlpB5k=,iftKsWg0Rsg1FfntdQThwEjQGuw=
-26,12,1P0Ud6KMuPGUFRpMb1Rt1HlpB5k=,Igru6nHdmX5tOySu3E0kTCE9f9Q=
-25,10,1P0Ud6KMuPGUFRpMb1Rt1HlpB5k=,iftKsWg0Rsg1FfntdQThwEjQGuw=
-25,12,1P0Ud6KMuPGUFRpMb1Rt1HlpB5k=,Igru6nHdmX5tOySu3E0kTCE9f9Q=
-24,10,1P0Ud6KMuPGUFRpMb1Rt1HlpB5k=,0L9Ojk2UrO11NvugyS+BLxAK2Rs=
-24,12,1P0Ud6KMuPGUFRpMb1Rt1HlpB5k=,8e4TzJXJBgg1PImg9nbFgVRtxuk=
-25,11,1P0Ud6KMuPGUFRpMb1Rt1HlpB5k=,iftKsWg0Rsg1FfntdQThwEjQGuw=
-24,9,1P0Ud6KMuPGUFRpMb1Rt1HlpB5k=,H1JrepTVWeIyVRZSorLC28LCe2c=
-18,0,1P0Ud6KMuPGUFRpMb1Rt1HlpB5k=,lfBnOrLS63C+2pX3VeMoxpWh02s=
-19,0,1P0Ud6KMuPGUFRpMb1Rt1HlpB5k=,dgUSuwIpbDufgn5vXOoXM4f62sU=
-20,0,1P0Ud6KMuPGUFRpMb1Rt1HlpB5k=,dgUSuwIpbDufgn5vXOoXM4f62sU=
-21,0,1P0Ud6KMuPGUFRpMb1Rt1HlpB5k=,uGL50tOAMpFnzDb/dgaITDJuvH0=
-22,0,1P0Ud6KMuPGUFRpMb1Rt1HlpB5k=,uGL50tOAMpFnzDb/dgaITDJuvH0=
-25,0,1P0Ud6KMuPGUFRpMb1Rt1HlpB5k=,3vaaywuVfnMVWTglDZbJr8exB4Y=
-24,0,1P0Ud6KMuPGUFRpMb1Rt1HlpB5k=,CQneQYNZE+rp5Y3Wn+OFz43aF4w=
-23,0,1P0Ud6KMuPGUFRpMb1Rt1HlpB5k=,CQneQYNZE+rp5Y3Wn+OFz43aF4w=
-26,0,1P0Ud6KMuPGUFRpMb1Rt1HlpB5k=,3vaaywuVfnMVWTglDZbJr8exB4Y=
-27,0,1P0Ud6KMuPGUFRpMb1Rt1HlpB5k=,80hvoj/FDvXwPIem+NoqP4UNXJ4=
-29,0,uLMQZV7BU48TVlwW2uPF0uDpx5g=,yE2nh+M3tKbAeypNiVh8NbPfjjw=
-28,0,uLMQZV7BU48TVlwW2uPF0uDpx5g=,80hvoj/FDvXwPIem+NoqP4UNXJ4=
-32,4,uLMQZV7BU48TVlwW2uPF0uDpx5g=,CbyVhLY6DLXO0yPNP8PsL2KJSj4=
-30,2,uLMQZV7BU48TVlwW2uPF0uDpx5g=,rXdv5jEHQQAtRNilQokYT6RLGN4=
-32,5,uLMQZV7BU48TVlwW2uPF0uDpx5g=,CbyVhLY6DLXO0yPNP8PsL2KJSj4=
-30,0,uLMQZV7BU48TVlwW2uPF0uDpx5g=,yE2nh+M3tKbAeypNiVh8NbPfjjw=
-32,6,uLMQZV7BU48TVlwW2uPF0uDpx5g=,wDWmvTV4UJoFoPzGnFLW4G47Y94=
-32,3,uLMQZV7BU48TVlwW2uPF0uDpx5g=,M7Tp4gI5hq8f+7hKwMK+Hbanm9M=
-30,1,uLMQZV7BU48TVlwW2uPF0uDpx5g=,yE2nh+M3tKbAeypNiVh8NbPfjjw=
-31,2,iITKKYwwhrCIbJahzTzqRJh3FJo=,M7Tp4gI5hq8f+7hKwMK+Hbanm9M=
-32,2,iITKKYwwhrCIbJahzTzqRJh3FJo=,M7Tp4gI5hq8f+7hKwMK+Hbanm9M=
-32,8,iITKKYwwhrCIbJahzTzqRJh3FJo=,5wC/unqJe9GHtCjjzggvSuJ/o0U=
-31,1,iITKKYwwhrCIbJahzTzqRJh3FJo=,M7Tp4gI5hq8f+7hKwMK+Hbanm9M=
-32,7,iITKKYwwhrCIbJahzTzqRJh3FJo=,wDWmvTV4UJoFoPzGnFLW4G47Y94=
-32,1,iITKKYwwhrCIbJahzTzqRJh3FJo=,M7Tp4gI5hq8f+7hKwMK+Hbanm9M=
-31,0,iITKKYwwhrCIbJahzTzqRJh3FJo=,M7Tp4gI5hq8f+7hKwMK+Hbanm9M=
-32,9,iITKKYwwhrCIbJahzTzqRJh3FJo=,5wC/unqJe9GHtCjjzggvSuJ/o0U=
-32,12,iITKKYwwhrCIbJahzTzqRJh3FJo=,TAnM274G14qLgbcgaXGT58RdCGo=
-32,14,iITKKYwwhrCIbJahzTzqRJh3FJo=,kwRwPVNhuy3+PYTPbcZj+0KHNw0=
-32,10,iITKKYwwhrCIbJahzTzqRJh3FJo=,TAnM274G14qLgbcgaXGT58RdCGo=
-32,13,iITKKYwwhrCIbJahzTzqRJh3FJo=,TAnM274G14qLgbcgaXGT58RdCGo=
-32,11,iITKKYwwhrCIbJahzTzqRJh3FJo=,TAnM274G14qLgbcgaXGT58RdCGo=
-31,15,iITKKYwwhrCIbJahzTzqRJh3FJo=,kwRwPVNhuy3+PYTPbcZj+0KHNw0=
-30,15,iITKKYwwhrCIbJahzTzqRJh3FJo=,Hk3UFZjUlrO+dIe/AoHwt+hxReU=
-29,15,iITKKYwwhrCIbJahzTzqRJh3FJo=,Hk3UFZjUlrO+dIe/AoHwt+hxReU=
-28,15,iITKKYwwhrCIbJahzTzqRJh3FJo=,UNo7yJjUobKqq3FiaRdu5EYb424=
-24,15,JRqY0oHY57KiXRvBOgwbdqR6jJM=,2BbV0hKUD4yKy1Vgg8l1QVcV3jg=
-25,15,JRqY0oHY57KiXRvBOgwbdqR6jJM=,aUiGUyVFAjvPztI3RnFooZba+hM=
-27,15,JRqY0oHY57KiXRvBOgwbdqR6jJM=,UNo7yJjUobKqq3FiaRdu5EYb424=
-26,15,JRqY0oHY57KiXRvBOgwbdqR6jJM=,aUiGUyVFAjvPztI3RnFooZba+hM=
-22,15,JRqY0oHY57KiXRvBOgwbdqR6jJM=,WEy/h1M4gFymaBtqS/TzNhOR72U=
-23,15,JRqY0oHY57KiXRvBOgwbdqR6jJM=,2BbV0hKUD4yKy1Vgg8l1QVcV3jg=
-20,15,JRqY0oHY57KiXRvBOgwbdqR6jJM=,1ddeNiVKpysI25/0+q1zThS5ukg=
-21,15,JRqY0oHY57KiXRvBOgwbdqR6jJM=,WEy/h1M4gFymaBtqS/TzNhOR72U=
-19,13,23f4nSvzHhJF/g045X5vMNH313k=,scwsMuBiMA66hcZjcFEUxZkkCEc=
-18,13,23f4nSvzHhJF/g045X5vMNH313k=,+0WMdQs1Ri254zYxia9R+ona3p4=
-19,14,23f4nSvzHhJF/g045X5vMNH313k=,1ddeNiVKpysI25/0+q1zThS5ukg=
-18,14,23f4nSvzHhJF/g045X5vMNH313k=,UY4BTQyVUD8/KOIbKigOTjwQaNw=
-19,12,23f4nSvzHhJF/g045X5vMNH313k=,scwsMuBiMA66hcZjcFEUxZkkCEc=
-19,11,23f4nSvzHhJF/g045X5vMNH313k=,vxAlZyRrVQEZXbcatth+5/V3Flg=
-19,9,23f4nSvzHhJF/g045X5vMNH313k=,HcgTO4oSwW2WrOvm5P2r2zNW8yQ=
-19,10,23f4nSvzHhJF/g045X5vMNH313k=,vxAlZyRrVQEZXbcatth+5/V3Flg=
-18,11,23f4nSvzHhJF/g045X5vMNH313k=,PhS0AeLB+97sC+aL7vPryj488ZA=
-18,12,23f4nSvzHhJF/g045X5vMNH313k=,+0WMdQs1Ri254zYxia9R+ona3p4=
-18,9,23f4nSvzHhJF/g045X5vMNH313k=,e1+//nBtKgx37TApL+TjX9fVADw=
-18,10,23f4nSvzHhJF/g045X5vMNH313k=,PhS0AeLB+97sC+aL7vPryj488ZA=
-18,8,NBClP8exaPmwCNh8vfyyns93/Es=,e1+//nBtKgx37TApL+TjX9fVADw=
-18,7,NBClP8exaPmwCNh8vfyyns93/Es=,2rC6SOEUKxKWzzTH69+oWsbRQ54=
-19,8,NBClP8exaPmwCNh8vfyyns93/Es=,HcgTO4oSwW2WrOvm5P2r2zNW8yQ=
-19,7,NBClP8exaPmwCNh8vfyyns93/Es=,sRvaYrmHh9c3FFBejbozp6ME4NI=
-17,5,NBClP8exaPmwCNh8vfyyns93/Es=,ElFImaiJNy/AxwCf+azl2WcqDyw=
-17,6,NBClP8exaPmwCNh8vfyyns93/Es=,2rC6SOEUKxKWzzTH69+oWsbRQ54=
-19,6,NBClP8exaPmwCNh8vfyyns93/Es=,sRvaYrmHh9c3FFBejbozp6ME4NI=
-18,6,NBClP8exaPmwCNh8vfyyns93/Es=,2rC6SOEUKxKWzzTH69+oWsbRQ54=
-18,4,NBClP8exaPmwCNh8vfyyns93/Es=,ElFImaiJNy/AxwCf+azl2WcqDyw=
-18,5,NBClP8exaPmwCNh8vfyyns93/Es=,ElFImaiJNy/AxwCf+azl2WcqDyw=
-18,3,NBClP8exaPmwCNh8vfyyns93/Es=,QOTo9IstuQkdOve3y1TQbHrhYfw=
-20,6,NBClP8exaPmwCNh8vfyyns93/Es=,sRvaYrmHh9c3FFBejbozp6ME4NI=
-19,5,NBClP8exaPmwCNh8vfyyns93/Es=,O/UFUFkxoJnEvH6iRkg99qE6nwU=
-19,4,NBClP8exaPmwCNh8vfyyns93/Es=,O/UFUFkxoJnEvH6iRkg99qE6nwU=
-20,3,NBClP8exaPmwCNh8vfyyns93/Es=,R5EYQ05/HyQV0h2bFoqOYS+4Nqw=
-21,3,NBClP8exaPmwCNh8vfyyns93/Es=,s0B9unSaMtNlkozYyK6Afd9en+I=
-21,5,NBClP8exaPmwCNh8vfyyns93/Es=,Oo2x93LmBcQ0ozQZWT8fyz/3N9o=
-20,4,NBClP8exaPmwCNh8vfyyns93/Es=,O/UFUFkxoJnEvH6iRkg99qE6nwU=
-21,4,NBClP8exaPmwCNh8vfyyns93/Es=,Oo2x93LmBcQ0ozQZWT8fyz/3N9o=
-20,5,NBClP8exaPmwCNh8vfyyns93/Es=,O/UFUFkxoJnEvH6iRkg99qE6nwU=
-21,6,NBClP8exaPmwCNh8vfyyns93/Es=,S/w1wzhipEnKYA8HDhi1NkdwG+g=
-19,3,NBClP8exaPmwCNh8vfyyns93/Es=,R5EYQ05/HyQV0h2bFoqOYS+4Nqw=
-17,4,NBClP8exaPmwCNh8vfyyns93/Es=,ElFImaiJNy/AxwCf+azl2WcqDyw=
-17,3,NBClP8exaPmwCNh8vfyyns93/Es=,QOTo9IstuQkdOve3y1TQbHrhYfw=
-17,2,NBClP8exaPmwCNh8vfyyns93/Es=,QOTo9IstuQkdOve3y1TQbHrhYfw=
-17,1,NBClP8exaPmwCNh8vfyyns93/Es=,lfBnOrLS63C+2pX3VeMoxpWh02s=
-17,7,NBClP8exaPmwCNh8vfyyns93/Es=,2rC6SOEUKxKWzzTH69+oWsbRQ54=
-17,8,NBClP8exaPmwCNh8vfyyns93/Es=,e1+//nBtKgx37TApL+TjX9fVADw=
-17,10,83JogBlmRRTYK+6UG5Eq+Wi2Hkc=,PhS0AeLB+97sC+aL7vPryj488ZA=
-17,9,83JogBlmRRTYK+6UG5Eq+Wi2Hkc=,e1+//nBtKgx37TApL+TjX9fVADw=
-17,12,83JogBlmRRTYK+6UG5Eq+Wi2Hkc=,+0WMdQs1Ri254zYxia9R+ona3p4=
-17,11,83JogBlmRRTYK+6UG5Eq+Wi2Hkc=,PhS0AeLB+97sC+aL7vPryj488ZA=
-17,14,83JogBlmRRTYK+6UG5Eq+Wi2Hkc=,UY4BTQyVUD8/KOIbKigOTjwQaNw=
-17,13,83JogBlmRRTYK+6UG5Eq+Wi2Hkc=,+0WMdQs1Ri254zYxia9R+ona3p4=
-17,0,83JogBlmRRTYK+6UG5Eq+Wi2Hkc=,lfBnOrLS63C+2pX3VeMoxpWh02s=
-17,15,83JogBlmRRTYK+6UG5Eq+Wi2Hkc=,UY4BTQyVUD8/KOIbKigOTjwQaNw=
-19,15,83JogBlmRRTYK+6UG5Eq+Wi2Hkc=,1ddeNiVKpysI25/0+q1zThS5ukg=
-18,15,83JogBlmRRTYK+6UG5Eq+Wi2Hkc=,UY4BTQyVUD8/KOIbKigOTjwQaNw=
-32,15,83JogBlmRRTYK+6UG5Eq+Wi2Hkc=,kwRwPVNhuy3+PYTPbcZj+0KHNw0=
-32,0,83JogBlmRRTYK+6UG5Eq+Wi2Hkc=,M7Tp4gI5hq8f+7hKwMK+Hbanm9M=
-18,18,UJvSXmo9bFs1FLytNybbyBTOOAs=,Aqz9QgZWG2fsUb0YpwDKS08q6wk=
-19,18,UJvSXmo9bFs1FLytNybbyBTOOAs=,lxLERNIa0t4N0wuyi8GVqpzDo4A=
-19,17,UJvSXmo9bFs1FLytNybbyBTOOAs=,KYSDfhwwKM1VEYXITzaBbjyyzS8=
-18,17,UJvSXmo9bFs1FLytNybbyBTOOAs=,rSZDYGXHF9bf42sqSWqbgV9wVlE=
-20,17,UJvSXmo9bFs1FLytNybbyBTOOAs=,KYSDfhwwKM1VEYXITzaBbjyyzS8=
-20,18,UJvSXmo9bFs1FLytNybbyBTOOAs=,lxLERNIa0t4N0wuyi8GVqpzDo4A=
-21,17,UJvSXmo9bFs1FLytNybbyBTOOAs=,X2Fgq3WGjyQnPsq2NMl0GAEYlcs=
-21,18,UJvSXmo9bFs1FLytNybbyBTOOAs=,Imknmm77kUiEwXw1SsQCvAXyERg=
-22,18,EsrpDxa7cTPayD88zRR/JyUTy5c=,Imknmm77kUiEwXw1SsQCvAXyERg=
-22,17,EsrpDxa7cTPayD88zRR/JyUTy5c=,X2Fgq3WGjyQnPsq2NMl0GAEYlcs=
-23,17,EsrpDxa7cTPayD88zRR/JyUTy5c=,u7VRnxy8BCY4ytJdRXmj7O57swQ=
-23,18,EsrpDxa7cTPayD88zRR/JyUTy5c=,4tct1q+xCGhshVxSxt9ioeC0O7w=
-22,20,EsrpDxa7cTPayD88zRR/JyUTy5c=,HX41WITuyha95sDfpQr+/rKtSeM=
-23,19,EsrpDxa7cTPayD88zRR/JyUTy5c=,4tct1q+xCGhshVxSxt9ioeC0O7w=
-23,20,EsrpDxa7cTPayD88zRR/JyUTy5c=,zS0Sn6FuBFAxQPRY0P2dFH/mMok=
-22,19,EsrpDxa7cTPayD88zRR/JyUTy5c=,Imknmm77kUiEwXw1SsQCvAXyERg=
-23,21,UcBtpcjdsG7vlTI5wxHReWldke8=,zS0Sn6FuBFAxQPRY0P2dFH/mMok=
-22,21,UcBtpcjdsG7vlTI5wxHReWldke8=,HX41WITuyha95sDfpQr+/rKtSeM=
-22,22,UcBtpcjdsG7vlTI5wxHReWldke8=,1STTDxrlXmBbcGAzm+o2Vn+uM9o=
-23,22,UcBtpcjdsG7vlTI5wxHReWldke8=,PDAszl3JPbo59O62k0WcEVuuoSs=
-23,23,UcBtpcjdsG7vlTI5wxHReWldke8=,PDAszl3JPbo59O62k0WcEVuuoSs=
-22,23,UcBtpcjdsG7vlTI5wxHReWldke8=,1STTDxrlXmBbcGAzm+o2Vn+uM9o=
-22,24,UcBtpcjdsG7vlTI5wxHReWldke8=,YOzOGUjyeuRyghpldACVX78ww0o=
-23,24,UcBtpcjdsG7vlTI5wxHReWldke8=,ycnQeg4cM01xUAlSKDqNXPuTerw=
-22,25,dgsPyONitqB2D0/POSclYXXFE/I=,YOzOGUjyeuRyghpldACVX78ww0o=
-22,26,dgsPyONitqB2D0/POSclYXXFE/I=,YiRpmyE2HjZvcl+PDxXL6o8T3XA=
-23,25,dgsPyONitqB2D0/POSclYXXFE/I=,ycnQeg4cM01xUAlSKDqNXPuTerw=
-23,26,dgsPyONitqB2D0/POSclYXXFE/I=,t536GAyiLcrae3deBnYAfhv09yc=
-21,25,dgsPyONitqB2D0/POSclYXXFE/I=,YOzOGUjyeuRyghpldACVX78ww0o=
-21,26,dgsPyONitqB2D0/POSclYXXFE/I=,YiRpmyE2HjZvcl+PDxXL6o8T3XA=
-20,25,dgsPyONitqB2D0/POSclYXXFE/I=,4luc/1FsFaTLpYKsbFnJo4IgHDs=
-20,26,dgsPyONitqB2D0/POSclYXXFE/I=,LVA8Jis2IbbKebxs3s9Nvrs1WP0=
-18,25,sLLc6lt9ZK9H88bucGPdseM5Ry0=,xKblXDIpiBQHJqNsAlklK7p3YvY=
-19,25,sLLc6lt9ZK9H88bucGPdseM5Ry0=,4luc/1FsFaTLpYKsbFnJo4IgHDs=
-19,26,sLLc6lt9ZK9H88bucGPdseM5Ry0=,LVA8Jis2IbbKebxs3s9Nvrs1WP0=
-18,26,sLLc6lt9ZK9H88bucGPdseM5Ry0=,VPuKQ/cm3A88xtryCi74gb21LnQ=
-18,27,sLLc6lt9ZK9H88bucGPdseM5Ry0=,VPuKQ/cm3A88xtryCi74gb21LnQ=
-18,28,sLLc6lt9ZK9H88bucGPdseM5Ry0=,iy+iTMDXkKJl7hkvSUjR1JkZlU4=
-19,27,sLLc6lt9ZK9H88bucGPdseM5Ry0=,LVA8Jis2IbbKebxs3s9Nvrs1WP0=
-19,28,sLLc6lt9ZK9H88bucGPdseM5Ry0=,BX9QxPMfoajOefPpFnaG4jRCEoM=
-20,27,SBgX+jM6I24uBEHu/b7ls2EQgVQ=,LVA8Jis2IbbKebxs3s9Nvrs1WP0=
-21,27,SBgX+jM6I24uBEHu/b7ls2EQgVQ=,YiRpmyE2HjZvcl+PDxXL6o8T3XA=
-20,28,SBgX+jM6I24uBEHu/b7ls2EQgVQ=,BX9QxPMfoajOefPpFnaG4jRCEoM=
-21,28,SBgX+jM6I24uBEHu/b7ls2EQgVQ=,npiOTLQOgpzFyN8YUgL3aiM3lYU=
-23,27,SBgX+jM6I24uBEHu/b7ls2EQgVQ=,t536GAyiLcrae3deBnYAfhv09yc=
-23,28,SBgX+jM6I24uBEHu/b7ls2EQgVQ=,U+Byw1gSm2VnBkjWMegdG50wgvg=
-22,27,SBgX+jM6I24uBEHu/b7ls2EQgVQ=,YiRpmyE2HjZvcl+PDxXL6o8T3XA=
-22,28,SBgX+jM6I24uBEHu/b7ls2EQgVQ=,npiOTLQOgpzFyN8YUgL3aiM3lYU=
-21,29,SBgX+jM6I24uBEHu/b7ls2EQgVQ=,npiOTLQOgpzFyN8YUgL3aiM3lYU=
-21,30,SBgX+jM6I24uBEHu/b7ls2EQgVQ=,oa6ZWJ5MxKQpMohKHEhFvokDRnY=
-23,29,SBgX+jM6I24uBEHu/b7ls2EQgVQ=,U+Byw1gSm2VnBkjWMegdG50wgvg=
-20,29,SBgX+jM6I24uBEHu/b7ls2EQgVQ=,BX9QxPMfoajOefPpFnaG4jRCEoM=
-20,30,SBgX+jM6I24uBEHu/b7ls2EQgVQ=,9JKGUFZmHFM1MWbHis2pXMbKgaI=
-23,30,SBgX+jM6I24uBEHu/b7ls2EQgVQ=,gXiBV6BoNfgw6aCkhnCWurSoEp0=
-22,30,SBgX+jM6I24uBEHu/b7ls2EQgVQ=,oa6ZWJ5MxKQpMohKHEhFvokDRnY=
-22,29,SBgX+jM6I24uBEHu/b7ls2EQgVQ=,npiOTLQOgpzFyN8YUgL3aiM3lYU=
-24,29,VOzfrAFxd+jylM5yG3OnRCgILE8=,U+Byw1gSm2VnBkjWMegdG50wgvg=
-25,29,VOzfrAFxd+jylM5yG3OnRCgILE8=,C8smfzcOOM4PydwymQ/E2+w0ndw=
-24,30,VOzfrAFxd+jylM5yG3OnRCgILE8=,gXiBV6BoNfgw6aCkhnCWurSoEp0=
-25,30,VOzfrAFxd+jylM5yG3OnRCgILE8=,TW/6mmRwd7cxRKhjOHJ5gVD6y7c=
-26,29,VOzfrAFxd+jylM5yG3OnRCgILE8=,C8smfzcOOM4PydwymQ/E2+w0ndw=
-27,29,VOzfrAFxd+jylM5yG3OnRCgILE8=,E9qFSw0Zu2cmNdMQJd3oCy+L35w=
-27,30,VOzfrAFxd+jylM5yG3OnRCgILE8=,aVMkCT/z2xULFzNPeveZV1a+mfI=
-26,30,VOzfrAFxd+jylM5yG3OnRCgILE8=,TW/6mmRwd7cxRKhjOHJ5gVD6y7c=
-25,28,BvN6xulXiZTaorwlFF68kpReGGk=,C8smfzcOOM4PydwymQ/E2+w0ndw=
-24,27,BvN6xulXiZTaorwlFF68kpReGGk=,t536GAyiLcrae3deBnYAfhv09yc=
-24,28,BvN6xulXiZTaorwlFF68kpReGGk=,U+Byw1gSm2VnBkjWMegdG50wgvg=
-25,27,BvN6xulXiZTaorwlFF68kpReGGk=,4jTjGUHIhP5wz0Ny8Kfx/pocztI=
-26,27,BvN6xulXiZTaorwlFF68kpReGGk=,4jTjGUHIhP5wz0Ny8Kfx/pocztI=
-27,28,BvN6xulXiZTaorwlFF68kpReGGk=,E9qFSw0Zu2cmNdMQJd3oCy+L35w=
-27,27,BvN6xulXiZTaorwlFF68kpReGGk=,pLOTRmTuKVHM97xPPktGNVYEWv4=
-26,28,BvN6xulXiZTaorwlFF68kpReGGk=,C8smfzcOOM4PydwymQ/E2+w0ndw=
-24,26,BvN6xulXiZTaorwlFF68kpReGGk=,t536GAyiLcrae3deBnYAfhv09yc=
-25,25,BvN6xulXiZTaorwlFF68kpReGGk=,wrQJlruk0MAguNwIiZFXosjicAs=
-25,26,BvN6xulXiZTaorwlFF68kpReGGk=,4jTjGUHIhP5wz0Ny8Kfx/pocztI=
-24,25,BvN6xulXiZTaorwlFF68kpReGGk=,ycnQeg4cM01xUAlSKDqNXPuTerw=
-27,26,BvN6xulXiZTaorwlFF68kpReGGk=,pLOTRmTuKVHM97xPPktGNVYEWv4=
-27,25,BvN6xulXiZTaorwlFF68kpReGGk=,ftz6eBtONIA8U+NIYhSy49+q5Zg=
-26,25,BvN6xulXiZTaorwlFF68kpReGGk=,wrQJlruk0MAguNwIiZFXosjicAs=
-26,26,BvN6xulXiZTaorwlFF68kpReGGk=,4jTjGUHIhP5wz0Ny8Kfx/pocztI=
-24,23,BvN6xulXiZTaorwlFF68kpReGGk=,PDAszl3JPbo59O62k0WcEVuuoSs=
-25,24,BvN6xulXiZTaorwlFF68kpReGGk=,wrQJlruk0MAguNwIiZFXosjicAs=
-24,24,BvN6xulXiZTaorwlFF68kpReGGk=,ycnQeg4cM01xUAlSKDqNXPuTerw=
-25,23,BvN6xulXiZTaorwlFF68kpReGGk=,7moXwl/vrnJghT0GcXzBC0GaGqs=
-26,23,hL7m4f/2RdH2HY47QVsews6oo6k=,7moXwl/vrnJghT0GcXzBC0GaGqs=
-26,24,hL7m4f/2RdH2HY47QVsews6oo6k=,wrQJlruk0MAguNwIiZFXosjicAs=
-27,23,hL7m4f/2RdH2HY47QVsews6oo6k=,cM9OVDFcsbki6Z9sZ/kf2J3kBA4=
-27,24,hL7m4f/2RdH2HY47QVsews6oo6k=,ftz6eBtONIA8U+NIYhSy49+q5Zg=
-24,22,hL7m4f/2RdH2HY47QVsews6oo6k=,PDAszl3JPbo59O62k0WcEVuuoSs=
-24,21,hL7m4f/2RdH2HY47QVsews6oo6k=,zS0Sn6FuBFAxQPRY0P2dFH/mMok=
-26,21,hL7m4f/2RdH2HY47QVsews6oo6k=,bhX5PuFm7ChqetcYHCBRzyvFVVs=
-27,22,hL7m4f/2RdH2HY47QVsews6oo6k=,cM9OVDFcsbki6Z9sZ/kf2J3kBA4=
-27,21,hL7m4f/2RdH2HY47QVsews6oo6k=,k80SocFLfR6PFx70fJFeGe1rkRY=
-25,22,hL7m4f/2RdH2HY47QVsews6oo6k=,7moXwl/vrnJghT0GcXzBC0GaGqs=
-26,22,hL7m4f/2RdH2HY47QVsews6oo6k=,7moXwl/vrnJghT0GcXzBC0GaGqs=
-25,21,hL7m4f/2RdH2HY47QVsews6oo6k=,bhX5PuFm7ChqetcYHCBRzyvFVVs=
-24,20,hL7m4f/2RdH2HY47QVsews6oo6k=,zS0Sn6FuBFAxQPRY0P2dFH/mMok=
-24,19,hL7m4f/2RdH2HY47QVsews6oo6k=,4tct1q+xCGhshVxSxt9ioeC0O7w=
-25,19,hL7m4f/2RdH2HY47QVsews6oo6k=,6VCfcqMn78Jhe2Q+QxI9hv+xXno=
-26,20,hL7m4f/2RdH2HY47QVsews6oo6k=,bhX5PuFm7ChqetcYHCBRzyvFVVs=
-25,20,hL7m4f/2RdH2HY47QVsews6oo6k=,bhX5PuFm7ChqetcYHCBRzyvFVVs=
-27,19,hL7m4f/2RdH2HY47QVsews6oo6k=,B9SjpEFqrlvGaZvatmnBoH90QGw=
-26,19,hL7m4f/2RdH2HY47QVsews6oo6k=,6VCfcqMn78Jhe2Q+QxI9hv+xXno=
-27,20,hL7m4f/2RdH2HY47QVsews6oo6k=,k80SocFLfR6PFx70fJFeGe1rkRY=
-24,18,hL7m4f/2RdH2HY47QVsews6oo6k=,4tct1q+xCGhshVxSxt9ioeC0O7w=
-25,18,hL7m4f/2RdH2HY47QVsews6oo6k=,6VCfcqMn78Jhe2Q+QxI9hv+xXno=
-25,17,hL7m4f/2RdH2HY47QVsews6oo6k=,2sVtnMLTi7/YiAVBc+TE3LARrPk=
-24,17,hL7m4f/2RdH2HY47QVsews6oo6k=,u7VRnxy8BCY4ytJdRXmj7O57swQ=
-26,18,hL7m4f/2RdH2HY47QVsews6oo6k=,6VCfcqMn78Jhe2Q+QxI9hv+xXno=
-27,17,hL7m4f/2RdH2HY47QVsews6oo6k=,5Z7eXmbvylN2zqGFNiPP2RFfH1s=
-27,18,hL7m4f/2RdH2HY47QVsews6oo6k=,B9SjpEFqrlvGaZvatmnBoH90QGw=
-26,17,hL7m4f/2RdH2HY47QVsews6oo6k=,2sVtnMLTi7/YiAVBc+TE3LARrPk=
-28,18,WX2nap/dPUz3JpGYUtqJEvRkssw=,B9SjpEFqrlvGaZvatmnBoH90QGw=
-29,18,WX2nap/dPUz3JpGYUtqJEvRkssw=,FpZA04dv/55256OhZp1g3i914iU=
-28,17,WX2nap/dPUz3JpGYUtqJEvRkssw=,5Z7eXmbvylN2zqGFNiPP2RFfH1s=
-28,20,WX2nap/dPUz3JpGYUtqJEvRkssw=,k80SocFLfR6PFx70fJFeGe1rkRY=
-29,17,WX2nap/dPUz3JpGYUtqJEvRkssw=,i0iEY5O0YH0Ktpu/XmYGwFBcXUs=
-28,19,WX2nap/dPUz3JpGYUtqJEvRkssw=,B9SjpEFqrlvGaZvatmnBoH90QGw=
-29,19,WX2nap/dPUz3JpGYUtqJEvRkssw=,FpZA04dv/55256OhZp1g3i914iU=
-29,20,WX2nap/dPUz3JpGYUtqJEvRkssw=,QiEmlI9gH09IJunxlw0OyQV+PEU=
-30,19,WX2nap/dPUz3JpGYUtqJEvRkssw=,FpZA04dv/55256OhZp1g3i914iU=
-30,20,WX2nap/dPUz3JpGYUtqJEvRkssw=,QiEmlI9gH09IJunxlw0OyQV+PEU=
-31,20,WX2nap/dPUz3JpGYUtqJEvRkssw=,3k36Fus4P0ijSi0qeTa1I0KyQlY=
-31,19,WX2nap/dPUz3JpGYUtqJEvRkssw=,3k36Fus4P0ijSi0qeTa1I0KyQlY=
-28,21,WX2nap/dPUz3JpGYUtqJEvRkssw=,k80SocFLfR6PFx70fJFeGe1rkRY=
-28,22,WX2nap/dPUz3JpGYUtqJEvRkssw=,cM9OVDFcsbki6Z9sZ/kf2J3kBA4=
-29,22,WX2nap/dPUz3JpGYUtqJEvRkssw=,EGtZ7rhciylhbEzmc1EBh8+CruA=
-28,23,WX2nap/dPUz3JpGYUtqJEvRkssw=,cM9OVDFcsbki6Z9sZ/kf2J3kBA4=
-28,24,WX2nap/dPUz3JpGYUtqJEvRkssw=,ftz6eBtONIA8U+NIYhSy49+q5Zg=
-29,21,WX2nap/dPUz3JpGYUtqJEvRkssw=,QiEmlI9gH09IJunxlw0OyQV+PEU=
-29,24,WX2nap/dPUz3JpGYUtqJEvRkssw=,y4fdkO82FiXj7qlTvFO0nXaZLaQ=
-29,23,WX2nap/dPUz3JpGYUtqJEvRkssw=,EGtZ7rhciylhbEzmc1EBh8+CruA=
-30,22,WX2nap/dPUz3JpGYUtqJEvRkssw=,EGtZ7rhciylhbEzmc1EBh8+CruA=
-31,22,WX2nap/dPUz3JpGYUtqJEvRkssw=,JmyOdJdWkRx8wM3FmUWVUizLUVo=
-30,21,WX2nap/dPUz3JpGYUtqJEvRkssw=,QiEmlI9gH09IJunxlw0OyQV+PEU=
-31,21,WX2nap/dPUz3JpGYUtqJEvRkssw=,3k36Fus4P0ijSi0qeTa1I0KyQlY=
-30,24,8T9G9WIO07rZs/IBuOIGifKptOM=,y4fdkO82FiXj7qlTvFO0nXaZLaQ=
-30,23,8T9G9WIO07rZs/IBuOIGifKptOM=,EGtZ7rhciylhbEzmc1EBh8+CruA=
-31,23,8T9G9WIO07rZs/IBuOIGifKptOM=,JmyOdJdWkRx8wM3FmUWVUizLUVo=
-31,24,8T9G9WIO07rZs/IBuOIGifKptOM=,rfI1SnAyoyOTAV1exixgkt5xl0E=
-29,25,8T9G9WIO07rZs/IBuOIGifKptOM=,y4fdkO82FiXj7qlTvFO0nXaZLaQ=
-28,25,8T9G9WIO07rZs/IBuOIGifKptOM=,ftz6eBtONIA8U+NIYhSy49+q5Zg=
-28,26,8T9G9WIO07rZs/IBuOIGifKptOM=,pLOTRmTuKVHM97xPPktGNVYEWv4=
-31,25,8T9G9WIO07rZs/IBuOIGifKptOM=,rfI1SnAyoyOTAV1exixgkt5xl0E=
-29,26,8T9G9WIO07rZs/IBuOIGifKptOM=,vUYLx7f6veOi5kKDVFtYMHevLSA=
-30,25,8T9G9WIO07rZs/IBuOIGifKptOM=,y4fdkO82FiXj7qlTvFO0nXaZLaQ=
-30,26,8T9G9WIO07rZs/IBuOIGifKptOM=,vUYLx7f6veOi5kKDVFtYMHevLSA=
-31,26,8T9G9WIO07rZs/IBuOIGifKptOM=,rfI1SnAyoyOTAV1exixgkt5xl0E=
-29,27,8T9G9WIO07rZs/IBuOIGifKptOM=,vUYLx7f6veOi5kKDVFtYMHevLSA=
-28,27,8T9G9WIO07rZs/IBuOIGifKptOM=,pLOTRmTuKVHM97xPPktGNVYEWv4=
-29,28,8T9G9WIO07rZs/IBuOIGifKptOM=,JejLQt79K4+fdsuXXd9ayoTGeGI=
-28,28,8T9G9WIO07rZs/IBuOIGifKptOM=,E9qFSw0Zu2cmNdMQJd3oCy+L35w=
-30,27,8T9G9WIO07rZs/IBuOIGifKptOM=,vUYLx7f6veOi5kKDVFtYMHevLSA=
-30,28,8T9G9WIO07rZs/IBuOIGifKptOM=,JejLQt79K4+fdsuXXd9ayoTGeGI=
-31,28,8T9G9WIO07rZs/IBuOIGifKptOM=,/EarazNbIXpOhh/4RHA0KL6PWOU=
-31,27,8T9G9WIO07rZs/IBuOIGifKptOM=,rfI1SnAyoyOTAV1exixgkt5xl0E=
-29,29,GcZOKpEYE5r34PjyajiyiobYBS0=,JejLQt79K4+fdsuXXd9ayoTGeGI=
-29,30,GcZOKpEYE5r34PjyajiyiobYBS0=,xt81E3tNNsqCJSAxdoTIUW5Ufqw=
-28,30,GcZOKpEYE5r34PjyajiyiobYBS0=,aVMkCT/z2xULFzNPeveZV1a+mfI=
-28,29,GcZOKpEYE5r34PjyajiyiobYBS0=,E9qFSw0Zu2cmNdMQJd3oCy+L35w=
-30,30,GcZOKpEYE5r34PjyajiyiobYBS0=,xt81E3tNNsqCJSAxdoTIUW5Ufqw=
-31,30,GcZOKpEYE5r34PjyajiyiobYBS0=,tYqAssF7vz/jNuPMBF1l6aJU2Gw=
-30,29,GcZOKpEYE5r34PjyajiyiobYBS0=,JejLQt79K4+fdsuXXd9ayoTGeGI=
-31,29,GcZOKpEYE5r34PjyajiyiobYBS0=,/EarazNbIXpOhh/4RHA0KL6PWOU=
-31,31,GcZOKpEYE5r34PjyajiyiobYBS0=,tYqAssF7vz/jNuPMBF1l6aJU2Gw=
-30,31,GcZOKpEYE5r34PjyajiyiobYBS0=,xt81E3tNNsqCJSAxdoTIUW5Ufqw=
-32,30,GcZOKpEYE5r34PjyajiyiobYBS0=,tYqAssF7vz/jNuPMBF1l6aJU2Gw=
-32,29,GcZOKpEYE5r34PjyajiyiobYBS0=,/EarazNbIXpOhh/4RHA0KL6PWOU=
-32,25,GcZOKpEYE5r34PjyajiyiobYBS0=,rfI1SnAyoyOTAV1exixgkt5xl0E=
-32,27,GcZOKpEYE5r34PjyajiyiobYBS0=,rfI1SnAyoyOTAV1exixgkt5xl0E=
-32,28,GcZOKpEYE5r34PjyajiyiobYBS0=,/EarazNbIXpOhh/4RHA0KL6PWOU=
-32,26,GcZOKpEYE5r34PjyajiyiobYBS0=,rfI1SnAyoyOTAV1exixgkt5xl0E=
-32,24,GcZOKpEYE5r34PjyajiyiobYBS0=,rfI1SnAyoyOTAV1exixgkt5xl0E=
-32,23,GcZOKpEYE5r34PjyajiyiobYBS0=,JmyOdJdWkRx8wM3FmUWVUizLUVo=
-32,22,GcZOKpEYE5r34PjyajiyiobYBS0=,JmyOdJdWkRx8wM3FmUWVUizLUVo=
-32,21,GcZOKpEYE5r34PjyajiyiobYBS0=,3k36Fus4P0ijSi0qeTa1I0KyQlY=
-32,19,GcZOKpEYE5r34PjyajiyiobYBS0=,3k36Fus4P0ijSi0qeTa1I0KyQlY=
-32,20,GcZOKpEYE5r34PjyajiyiobYBS0=,3k36Fus4P0ijSi0qeTa1I0KyQlY=
-30,18,jCrqYvIUGxFlkxwyASDdSAs3ayM=,FpZA04dv/55256OhZp1g3i914iU=
-32,17,jCrqYvIUGxFlkxwyASDdSAs3ayM=,AFIQDPPKc8JSOzIJYrG6etzrAHs=
-31,18,jCrqYvIUGxFlkxwyASDdSAs3ayM=,3k36Fus4P0ijSi0qeTa1I0KyQlY=
-32,18,jCrqYvIUGxFlkxwyASDdSAs3ayM=,3k36Fus4P0ijSi0qeTa1I0KyQlY=
-30,17,jCrqYvIUGxFlkxwyASDdSAs3ayM=,i0iEY5O0YH0Ktpu/XmYGwFBcXUs=
-31,17,jCrqYvIUGxFlkxwyASDdSAs3ayM=,AFIQDPPKc8JSOzIJYrG6etzrAHs=
-31,16,jCrqYvIUGxFlkxwyASDdSAs3ayM=,AFIQDPPKc8JSOzIJYrG6etzrAHs=
-30,16,jCrqYvIUGxFlkxwyASDdSAs3ayM=,i0iEY5O0YH0Ktpu/XmYGwFBcXUs=
-29,16,jCrqYvIUGxFlkxwyASDdSAs3ayM=,i0iEY5O0YH0Ktpu/XmYGwFBcXUs=
-28,16,jCrqYvIUGxFlkxwyASDdSAs3ayM=,5Z7eXmbvylN2zqGFNiPP2RFfH1s=
-23,16,jCrqYvIUGxFlkxwyASDdSAs3ayM=,u7VRnxy8BCY4ytJdRXmj7O57swQ=
-22,16,jCrqYvIUGxFlkxwyASDdSAs3ayM=,X2Fgq3WGjyQnPsq2NMl0GAEYlcs=
-21,16,jCrqYvIUGxFlkxwyASDdSAs3ayM=,X2Fgq3WGjyQnPsq2NMl0GAEYlcs=
-24,16,jCrqYvIUGxFlkxwyASDdSAs3ayM=,u7VRnxy8BCY4ytJdRXmj7O57swQ=
-20,16,jCrqYvIUGxFlkxwyASDdSAs3ayM=,KYSDfhwwKM1VEYXITzaBbjyyzS8=
-25,16,jCrqYvIUGxFlkxwyASDdSAs3ayM=,2sVtnMLTi7/YiAVBc+TE3LARrPk=
-26,16,jCrqYvIUGxFlkxwyASDdSAs3ayM=,2sVtnMLTi7/YiAVBc+TE3LARrPk=
-27,16,jCrqYvIUGxFlkxwyASDdSAs3ayM=,5Z7eXmbvylN2zqGFNiPP2RFfH1s=
-17,16,jCrqYvIUGxFlkxwyASDdSAs3ayM=,rSZDYGXHF9bf42sqSWqbgV9wVlE=
-19,16,jCrqYvIUGxFlkxwyASDdSAs3ayM=,KYSDfhwwKM1VEYXITzaBbjyyzS8=
-18,16,jCrqYvIUGxFlkxwyASDdSAs3ayM=,rSZDYGXHF9bf42sqSWqbgV9wVlE=
-20,20,jCrqYvIUGxFlkxwyASDdSAs3ayM=,LFM4S5t/OHqU6K2QjR2cfKepIqg=
-20,19,jCrqYvIUGxFlkxwyASDdSAs3ayM=,lxLERNIa0t4N0wuyi8GVqpzDo4A=
-21,20,jCrqYvIUGxFlkxwyASDdSAs3ayM=,HX41WITuyha95sDfpQr+/rKtSeM=
-21,19,jCrqYvIUGxFlkxwyASDdSAs3ayM=,Imknmm77kUiEwXw1SsQCvAXyERg=
-19,20,0DFBpyvaV18xJq/ddFGUPbOzvzU=,LFM4S5t/OHqU6K2QjR2cfKepIqg=
-18,19,0DFBpyvaV18xJq/ddFGUPbOzvzU=,Aqz9QgZWG2fsUb0YpwDKS08q6wk=
-19,19,0DFBpyvaV18xJq/ddFGUPbOzvzU=,lxLERNIa0t4N0wuyi8GVqpzDo4A=
-18,20,0DFBpyvaV18xJq/ddFGUPbOzvzU=,HHn3jLjxTNlit2yQR9E8ELiwK/0=
-21,22,0DFBpyvaV18xJq/ddFGUPbOzvzU=,1STTDxrlXmBbcGAzm+o2Vn+uM9o=
-20,21,0DFBpyvaV18xJq/ddFGUPbOzvzU=,LFM4S5t/OHqU6K2QjR2cfKepIqg=
-21,21,0DFBpyvaV18xJq/ddFGUPbOzvzU=,HX41WITuyha95sDfpQr+/rKtSeM=
-21,24,0DFBpyvaV18xJq/ddFGUPbOzvzU=,YOzOGUjyeuRyghpldACVX78ww0o=
-21,23,0DFBpyvaV18xJq/ddFGUPbOzvzU=,1STTDxrlXmBbcGAzm+o2Vn+uM9o=
-20,24,0DFBpyvaV18xJq/ddFGUPbOzvzU=,4luc/1FsFaTLpYKsbFnJo4IgHDs=
-20,22,0DFBpyvaV18xJq/ddFGUPbOzvzU=,uSsgQpRwH+kqam5c+pNJFVuc/cY=
-20,23,0DFBpyvaV18xJq/ddFGUPbOzvzU=,uSsgQpRwH+kqam5c+pNJFVuc/cY=
-19,24,0DFBpyvaV18xJq/ddFGUPbOzvzU=,4luc/1FsFaTLpYKsbFnJo4IgHDs=
-18,24,0DFBpyvaV18xJq/ddFGUPbOzvzU=,xKblXDIpiBQHJqNsAlklK7p3YvY=
-18,23,0DFBpyvaV18xJq/ddFGUPbOzvzU=,fonYP7acXoLuDGahiKc0XVU0zig=
-18,22,0DFBpyvaV18xJq/ddFGUPbOzvzU=,fonYP7acXoLuDGahiKc0XVU0zig=
-19,22,0DFBpyvaV18xJq/ddFGUPbOzvzU=,uSsgQpRwH+kqam5c+pNJFVuc/cY=
-18,21,0DFBpyvaV18xJq/ddFGUPbOzvzU=,HHn3jLjxTNlit2yQR9E8ELiwK/0=
-19,23,0DFBpyvaV18xJq/ddFGUPbOzvzU=,uSsgQpRwH+kqam5c+pNJFVuc/cY=
-19,21,0DFBpyvaV18xJq/ddFGUPbOzvzU=,LFM4S5t/OHqU6K2QjR2cfKepIqg=
-17,21,0DFBpyvaV18xJq/ddFGUPbOzvzU=,HHn3jLjxTNlit2yQR9E8ELiwK/0=
-17,22,0DFBpyvaV18xJq/ddFGUPbOzvzU=,fonYP7acXoLuDGahiKc0XVU0zig=
-17,23,0DFBpyvaV18xJq/ddFGUPbOzvzU=,fonYP7acXoLuDGahiKc0XVU0zig=
-17,24,0DFBpyvaV18xJq/ddFGUPbOzvzU=,xKblXDIpiBQHJqNsAlklK7p3YvY=
-17,17,0DFBpyvaV18xJq/ddFGUPbOzvzU=,rSZDYGXHF9bf42sqSWqbgV9wVlE=
-17,20,0DFBpyvaV18xJq/ddFGUPbOzvzU=,HHn3jLjxTNlit2yQR9E8ELiwK/0=
-17,19,0DFBpyvaV18xJq/ddFGUPbOzvzU=,Aqz9QgZWG2fsUb0YpwDKS08q6wk=
-17,18,0DFBpyvaV18xJq/ddFGUPbOzvzU=,Aqz9QgZWG2fsUb0YpwDKS08q6wk=
-17,28,0DFBpyvaV18xJq/ddFGUPbOzvzU=,iy+iTMDXkKJl7hkvSUjR1JkZlU4=
-17,26,0DFBpyvaV18xJq/ddFGUPbOzvzU=,VPuKQ/cm3A88xtryCi74gb21LnQ=
-17,27,0DFBpyvaV18xJq/ddFGUPbOzvzU=,VPuKQ/cm3A88xtryCi74gb21LnQ=
-17,25,0DFBpyvaV18xJq/ddFGUPbOzvzU=,xKblXDIpiBQHJqNsAlklK7p3YvY=
-17,29,IF6JdcoeexHuHEniJLX2IyyeNxU=,iy+iTMDXkKJl7hkvSUjR1JkZlU4=
-18,29,IF6JdcoeexHuHEniJLX2IyyeNxU=,iy+iTMDXkKJl7hkvSUjR1JkZlU4=
-17,30,IF6JdcoeexHuHEniJLX2IyyeNxU=,myCVnFJbz7sCISUszGWq0TXPkjI=
-18,30,IF6JdcoeexHuHEniJLX2IyyeNxU=,myCVnFJbz7sCISUszGWq0TXPkjI=
-18,31,IF6JdcoeexHuHEniJLX2IyyeNxU=,myCVnFJbz7sCISUszGWq0TXPkjI=
-19,31,IF6JdcoeexHuHEniJLX2IyyeNxU=,9JKGUFZmHFM1MWbHis2pXMbKgaI=
-19,30,IF6JdcoeexHuHEniJLX2IyyeNxU=,9JKGUFZmHFM1MWbHis2pXMbKgaI=
-19,29,IF6JdcoeexHuHEniJLX2IyyeNxU=,BX9QxPMfoajOefPpFnaG4jRCEoM=
-21,31,IF6JdcoeexHuHEniJLX2IyyeNxU=,oa6ZWJ5MxKQpMohKHEhFvokDRnY=
-20,31,IF6JdcoeexHuHEniJLX2IyyeNxU=,9JKGUFZmHFM1MWbHis2pXMbKgaI=
-23,31,IF6JdcoeexHuHEniJLX2IyyeNxU=,gXiBV6BoNfgw6aCkhnCWurSoEp0=
-22,31,IF6JdcoeexHuHEniJLX2IyyeNxU=,oa6ZWJ5MxKQpMohKHEhFvokDRnY=
-24,31,IF6JdcoeexHuHEniJLX2IyyeNxU=,gXiBV6BoNfgw6aCkhnCWurSoEp0=
-25,31,IF6JdcoeexHuHEniJLX2IyyeNxU=,TW/6mmRwd7cxRKhjOHJ5gVD6y7c=
-17,31,IF6JdcoeexHuHEniJLX2IyyeNxU=,myCVnFJbz7sCISUszGWq0TXPkjI=
-27,31,IF6JdcoeexHuHEniJLX2IyyeNxU=,aVMkCT/z2xULFzNPeveZV1a+mfI=
-26,31,IF6JdcoeexHuHEniJLX2IyyeNxU=,TW/6mmRwd7cxRKhjOHJ5gVD6y7c=
-28,31,IF6JdcoeexHuHEniJLX2IyyeNxU=,aVMkCT/z2xULFzNPeveZV1a+mfI=
-29,31,IF6JdcoeexHuHEniJLX2IyyeNxU=,xt81E3tNNsqCJSAxdoTIUW5Ufqw=
-32,31,IF6JdcoeexHuHEniJLX2IyyeNxU=,tYqAssF7vz/jNuPMBF1l6aJU2Gw=
-32,16,IF6JdcoeexHuHEniJLX2IyyeNxU=,AFIQDPPKc8JSOzIJYrG6etzrAHs=
-2,18,7Lwj51FRnSibZOaVhh6WpCSGvQM=,QgVtbSCMQ46qZkK+8+1bm6n376w=
-2,17,7Lwj51FRnSibZOaVhh6WpCSGvQM=,kw+OEdCBFenyIemukKcP8+n4fPs=
-3,18,7Lwj51FRnSibZOaVhh6WpCSGvQM=,EWfUG9xM7w5hGABpz8hC76hpC/k=
-3,17,7Lwj51FRnSibZOaVhh6WpCSGvQM=,HaLyYVroG/lUhKOy0lIyeSwA4pg=
-3,19,qBZ57f+uWB7OAyJw0b6GJ/D6S70=,EWfUG9xM7w5hGABpz8hC76hpC/k=
-2,20,qBZ57f+uWB7OAyJw0b6GJ/D6S70=,JRT5ighP+uYbqTyNsVDqQCBbnf8=
-2,19,qBZ57f+uWB7OAyJw0b6GJ/D6S70=,QgVtbSCMQ46qZkK+8+1bm6n376w=
-3,20,qBZ57f+uWB7OAyJw0b6GJ/D6S70=,LIinr6DIs45yRPQqp2eI53bs57Y=
-4,20,qBZ57f+uWB7OAyJw0b6GJ/D6S70=,LIinr6DIs45yRPQqp2eI53bs57Y=
-4,19,qBZ57f+uWB7OAyJw0b6GJ/D6S70=,EWfUG9xM7w5hGABpz8hC76hpC/k=
-5,19,qBZ57f+uWB7OAyJw0b6GJ/D6S70=,c2T4I5z0rwMDMyW4Q+VRzc+49fI=
-5,20,qBZ57f+uWB7OAyJw0b6GJ/D6S70=,hhRhvAqnKq5avaITJEh+eeBAbJ8=
-4,18,qBZ57f+uWB7OAyJw0b6GJ/D6S70=,EWfUG9xM7w5hGABpz8hC76hpC/k=
-4,17,qBZ57f+uWB7OAyJw0b6GJ/D6S70=,HaLyYVroG/lUhKOy0lIyeSwA4pg=
-5,18,qBZ57f+uWB7OAyJw0b6GJ/D6S70=,c2T4I5z0rwMDMyW4Q+VRzc+49fI=
-5,17,qBZ57f+uWB7OAyJw0b6GJ/D6S70=,wIhKTB7wcSAmwIGSPWvuo3Ik27s=
-3,21,qBZ57f+uWB7OAyJw0b6GJ/D6S70=,LIinr6DIs45yRPQqp2eI53bs57Y=
-2,21,qBZ57f+uWB7OAyJw0b6GJ/D6S70=,JRT5ighP+uYbqTyNsVDqQCBbnf8=
-3,22,qBZ57f+uWB7OAyJw0b6GJ/D6S70=,lyiBMlIidA4x52C1/TPjpdglHAY=
-2,22,qBZ57f+uWB7OAyJw0b6GJ/D6S70=,WXltG/YbQmYamrTcg74O/hNogoM=
-3,23,vMMh4yCY3hdihqrmTyY24eVzblA=,lyiBMlIidA4x52C1/TPjpdglHAY=
-3,24,vMMh4yCY3hdihqrmTyY24eVzblA=,sgwH7lQ3V6BItRVllc/RpofGEbY=
-2,23,vMMh4yCY3hdihqrmTyY24eVzblA=,WXltG/YbQmYamrTcg74O/hNogoM=
-2,24,vMMh4yCY3hdihqrmTyY24eVzblA=,sMEMhvV8OnaWb25XniVheDtz/f0=
-6,25,LONU6ecKNQ8RXdvND+1pAV8kiM8=,/HG+m4UX7ojjw7XkGwsdycFdJyE=
-7,26,LONU6ecKNQ8RXdvND+1pAV8kiM8=,pEylei9WZjGtROeMiLKuPGtYLPM=
-6,26,LONU6ecKNQ8RXdvND+1pAV8kiM8=,NBztLOsVrZ4aAFeOKFeMVpm4CIM=
-7,25,LONU6ecKNQ8RXdvND+1pAV8kiM8=,Bzgp/8JoxHHlNmw8zxBkgUPhRMY=
-8,26,LONU6ecKNQ8RXdvND+1pAV8kiM8=,pEylei9WZjGtROeMiLKuPGtYLPM=
-9,26,LONU6ecKNQ8RXdvND+1pAV8kiM8=,T22OMmYFILfwkp/AkgG0sZ35HTA=
-9,25,LONU6ecKNQ8RXdvND+1pAV8kiM8=,0bQhkRuw/YJgxyGXWqNNRUzGt2o=
-8,25,LONU6ecKNQ8RXdvND+1pAV8kiM8=,Bzgp/8JoxHHlNmw8zxBkgUPhRMY=
-8,28,p9xb6u1dVXLvukKgSGkDzoADe9I=,M7jlkRCTvHb39hPO6+jl3dLOo0I=
-8,27,p9xb6u1dVXLvukKgSGkDzoADe9I=,pEylei9WZjGtROeMiLKuPGtYLPM=
-9,28,p9xb6u1dVXLvukKgSGkDzoADe9I=,GwtpuSZV1UCgaP8Olv1jGxTGAyg=
-9,27,p9xb6u1dVXLvukKgSGkDzoADe9I=,T22OMmYFILfwkp/AkgG0sZ35HTA=
-8,29,p9xb6u1dVXLvukKgSGkDzoADe9I=,M7jlkRCTvHb39hPO6+jl3dLOo0I=
-9,30,p9xb6u1dVXLvukKgSGkDzoADe9I=,T8+O6L2w1koNYetggmdIHugfbBY=
-9,29,p9xb6u1dVXLvukKgSGkDzoADe9I=,GwtpuSZV1UCgaP8Olv1jGxTGAyg=
-8,30,p9xb6u1dVXLvukKgSGkDzoADe9I=,Ie9DYUGyy4ZhuXpXW2fHExReDuU=
-10,29,8BNs17GzosE1ldZJliTbEe+WDTw=,GwtpuSZV1UCgaP8Olv1jGxTGAyg=
-11,29,8BNs17GzosE1ldZJliTbEe+WDTw=,a9W1Johm/p8Chhu+jiVaqmgnKAA=
-10,28,8BNs17GzosE1ldZJliTbEe+WDTw=,GwtpuSZV1UCgaP8Olv1jGxTGAyg=
-11,28,8BNs17GzosE1ldZJliTbEe+WDTw=,a9W1Johm/p8Chhu+jiVaqmgnKAA=
-10,27,8BNs17GzosE1ldZJliTbEe+WDTw=,T22OMmYFILfwkp/AkgG0sZ35HTA=
-10,30,8BNs17GzosE1ldZJliTbEe+WDTw=,T8+O6L2w1koNYetggmdIHugfbBY=
-11,30,8BNs17GzosE1ldZJliTbEe+WDTw=,bvgOkH5toG/pPW6SnTgUQnvKcZ8=
-11,27,8BNs17GzosE1ldZJliTbEe+WDTw=,ur/Qy9urF8pZGnk26/ERsGWZll8=
-12,27,8BNs17GzosE1ldZJliTbEe+WDTw=,ur/Qy9urF8pZGnk26/ERsGWZll8=
-12,28,8BNs17GzosE1ldZJliTbEe+WDTw=,a9W1Johm/p8Chhu+jiVaqmgnKAA=
-13,28,8BNs17GzosE1ldZJliTbEe+WDTw=,xEd1/PoultXvApKV2djebU+/fa4=
-13,27,8BNs17GzosE1ldZJliTbEe+WDTw=,Yn2RUZ/SQExVj7BIRnwRLWCvPKg=
-12,29,7F5jMFjla8TCnbFEnP1hx1XZZGw=,a9W1Johm/p8Chhu+jiVaqmgnKAA=
-13,29,7F5jMFjla8TCnbFEnP1hx1XZZGw=,xEd1/PoultXvApKV2djebU+/fa4=
-13,30,7F5jMFjla8TCnbFEnP1hx1XZZGw=,kO4VtzqaNyydPXUWABXegUMafZM=
-12,30,7F5jMFjla8TCnbFEnP1hx1XZZGw=,bvgOkH5toG/pPW6SnTgUQnvKcZ8=
-14,26,7F5jMFjla8TCnbFEnP1hx1XZZGw=,Yn2RUZ/SQExVj7BIRnwRLWCvPKg=
-15,25,7F5jMFjla8TCnbFEnP1hx1XZZGw=,VXXdF7O1CILpWIa2ktL7EI+Jp00=
-14,25,7F5jMFjla8TCnbFEnP1hx1XZZGw=,T5pXumsn/CDomBw9i3VwJmQ8dyA=
-15,26,7F5jMFjla8TCnbFEnP1hx1XZZGw=,VBbO5t6IJ+nZTn/Q5F7kL9DkS5Q=
-15,27,7F5jMFjla8TCnbFEnP1hx1XZZGw=,VBbO5t6IJ+nZTn/Q5F7kL9DkS5Q=
-13,26,7F5jMFjla8TCnbFEnP1hx1XZZGw=,Yn2RUZ/SQExVj7BIRnwRLWCvPKg=
-10,25,7F5jMFjla8TCnbFEnP1hx1XZZGw=,0bQhkRuw/YJgxyGXWqNNRUzGt2o=
-11,26,7F5jMFjla8TCnbFEnP1hx1XZZGw=,ur/Qy9urF8pZGnk26/ERsGWZll8=
-12,26,7F5jMFjla8TCnbFEnP1hx1XZZGw=,ur/Qy9urF8pZGnk26/ERsGWZll8=
-13,25,7F5jMFjla8TCnbFEnP1hx1XZZGw=,T5pXumsn/CDomBw9i3VwJmQ8dyA=
-11,25,7F5jMFjla8TCnbFEnP1hx1XZZGw=,oPMnqjNbijvhcLGzF2+YcmUtGEs=
-10,26,7F5jMFjla8TCnbFEnP1hx1XZZGw=,T22OMmYFILfwkp/AkgG0sZ35HTA=
-12,25,7F5jMFjla8TCnbFEnP1hx1XZZGw=,oPMnqjNbijvhcLGzF2+YcmUtGEs=
-14,27,7F5jMFjla8TCnbFEnP1hx1XZZGw=,Yn2RUZ/SQExVj7BIRnwRLWCvPKg=
-14,28,7F5jMFjla8TCnbFEnP1hx1XZZGw=,xEd1/PoultXvApKV2djebU+/fa4=
-15,28,7F5jMFjla8TCnbFEnP1hx1XZZGw=,/wEP6Lp0uG6LGjjcnK7ZAdacAug=
-11,21,QkVY/zdX+PoRU32orD9qwxk4zKE=,PXtHvqIA0oNAkvjx06ko8/dqV/o=
-11,22,QkVY/zdX+PoRU32orD9qwxk4zKE=,JuzTgoh0wv1C8ZGLm5l9TA+86dY=
-11,24,QkVY/zdX+PoRU32orD9qwxk4zKE=,oPMnqjNbijvhcLGzF2+YcmUtGEs=
-10,21,QkVY/zdX+PoRU32orD9qwxk4zKE=,eOGBH87X6YQ+rTACnPc6zoq1J4U=
-11,23,QkVY/zdX+PoRU32orD9qwxk4zKE=,JuzTgoh0wv1C8ZGLm5l9TA+86dY=
-10,23,QkVY/zdX+PoRU32orD9qwxk4zKE=,Xjk5iDapyOfkVftQsxc0G1n4FM0=
-10,22,QkVY/zdX+PoRU32orD9qwxk4zKE=,Xjk5iDapyOfkVftQsxc0G1n4FM0=
-10,24,QkVY/zdX+PoRU32orD9qwxk4zKE=,0bQhkRuw/YJgxyGXWqNNRUzGt2o=
-11,19,pUm6xaOZ39TWfcW958PRszM7TvA=,j3x3xSHAtFl7xZsjVykhHMkAPUw=
-11,20,pUm6xaOZ39TWfcW958PRszM7TvA=,PXtHvqIA0oNAkvjx06ko8/dqV/o=
-10,19,pUm6xaOZ39TWfcW958PRszM7TvA=,h+2as1yt0HV3+rBBbWUb443y6+I=
-10,20,pUm6xaOZ39TWfcW958PRszM7TvA=,eOGBH87X6YQ+rTACnPc6zoq1J4U=
-10,18,pUm6xaOZ39TWfcW958PRszM7TvA=,h+2as1yt0HV3+rBBbWUb443y6+I=
-11,18,pUm6xaOZ39TWfcW958PRszM7TvA=,j3x3xSHAtFl7xZsjVykhHMkAPUw=
-11,17,pUm6xaOZ39TWfcW958PRszM7TvA=,t5vMR3v8NoyOI+I3R7pgAQKv24w=
-10,17,pUm6xaOZ39TWfcW958PRszM7TvA=,1iPzi4tYpKq0Ul6DMQtRDuC4Nas=
-6,17,pUm6xaOZ39TWfcW958PRszM7TvA=,wIhKTB7wcSAmwIGSPWvuo3Ik27s=
-9,18,pUm6xaOZ39TWfcW958PRszM7TvA=,h+2as1yt0HV3+rBBbWUb443y6+I=
-8,17,pUm6xaOZ39TWfcW958PRszM7TvA=,7itQhH7pJkgmQrKBjvMEmQ4aVe8=
-9,17,pUm6xaOZ39TWfcW958PRszM7TvA=,1iPzi4tYpKq0Ul6DMQtRDuC4Nas=
-7,17,pUm6xaOZ39TWfcW958PRszM7TvA=,7itQhH7pJkgmQrKBjvMEmQ4aVe8=
-6,18,pUm6xaOZ39TWfcW958PRszM7TvA=,c2T4I5z0rwMDMyW4Q+VRzc+49fI=
-7,18,pUm6xaOZ39TWfcW958PRszM7TvA=,iVgyBB4Z9dIjH/MXzS/JkGzmpZ0=
-8,18,pUm6xaOZ39TWfcW958PRszM7TvA=,iVgyBB4Z9dIjH/MXzS/JkGzmpZ0=
-9,19,/90Cv0GDt58BSn156qcbyo98ld4=,h+2as1yt0HV3+rBBbWUb443y6+I=
-9,20,/90Cv0GDt58BSn156qcbyo98ld4=,eOGBH87X6YQ+rTACnPc6zoq1J4U=
-8,19,/90Cv0GDt58BSn156qcbyo98ld4=,iVgyBB4Z9dIjH/MXzS/JkGzmpZ0=
-6,20,/90Cv0GDt58BSn156qcbyo98ld4=,hhRhvAqnKq5avaITJEh+eeBAbJ8=
-7,20,/90Cv0GDt58BSn156qcbyo98ld4=,DrgEo/FWNdSb2+mm8Xo5BaWv06Q=
-6,19,/90Cv0GDt58BSn156qcbyo98ld4=,c2T4I5z0rwMDMyW4Q+VRzc+49fI=
-8,20,/90Cv0GDt58BSn156qcbyo98ld4=,DrgEo/FWNdSb2+mm8Xo5BaWv06Q=
-7,19,/90Cv0GDt58BSn156qcbyo98ld4=,iVgyBB4Z9dIjH/MXzS/JkGzmpZ0=
-4,24,/90Cv0GDt58BSn156qcbyo98ld4=,sgwH7lQ3V6BItRVllc/RpofGEbY=
-4,22,/90Cv0GDt58BSn156qcbyo98ld4=,lyiBMlIidA4x52C1/TPjpdglHAY=
-5,24,/90Cv0GDt58BSn156qcbyo98ld4=,/HG+m4UX7ojjw7XkGwsdycFdJyE=
-4,21,/90Cv0GDt58BSn156qcbyo98ld4=,LIinr6DIs45yRPQqp2eI53bs57Y=
-5,23,/90Cv0GDt58BSn156qcbyo98ld4=,vB1Y1CcNlsiqxm8HYT8qEBtSybA=
-9,24,/90Cv0GDt58BSn156qcbyo98ld4=,0bQhkRuw/YJgxyGXWqNNRUzGt2o=
-7,24,/90Cv0GDt58BSn156qcbyo98ld4=,Bzgp/8JoxHHlNmw8zxBkgUPhRMY=
-9,21,/90Cv0GDt58BSn156qcbyo98ld4=,eOGBH87X6YQ+rTACnPc6zoq1J4U=
-7,23,/90Cv0GDt58BSn156qcbyo98ld4=,fmsinw7rzgAVRRYKlYzRZsiwbqU=
-6,24,/90Cv0GDt58BSn156qcbyo98ld4=,/HG+m4UX7ojjw7XkGwsdycFdJyE=
-9,23,/90Cv0GDt58BSn156qcbyo98ld4=,Xjk5iDapyOfkVftQsxc0G1n4FM0=
-8,23,/90Cv0GDt58BSn156qcbyo98ld4=,fmsinw7rzgAVRRYKlYzRZsiwbqU=
-8,21,/90Cv0GDt58BSn156qcbyo98ld4=,DrgEo/FWNdSb2+mm8Xo5BaWv06Q=
-8,22,/90Cv0GDt58BSn156qcbyo98ld4=,fmsinw7rzgAVRRYKlYzRZsiwbqU=
-4,23,/90Cv0GDt58BSn156qcbyo98ld4=,lyiBMlIidA4x52C1/TPjpdglHAY=
-6,23,/90Cv0GDt58BSn156qcbyo98ld4=,vB1Y1CcNlsiqxm8HYT8qEBtSybA=
-9,22,/90Cv0GDt58BSn156qcbyo98ld4=,Xjk5iDapyOfkVftQsxc0G1n4FM0=
-8,24,/90Cv0GDt58BSn156qcbyo98ld4=,Bzgp/8JoxHHlNmw8zxBkgUPhRMY=
-6,21,/90Cv0GDt58BSn156qcbyo98ld4=,hhRhvAqnKq5avaITJEh+eeBAbJ8=
-5,21,/90Cv0GDt58BSn156qcbyo98ld4=,hhRhvAqnKq5avaITJEh+eeBAbJ8=
-6,22,/90Cv0GDt58BSn156qcbyo98ld4=,vB1Y1CcNlsiqxm8HYT8qEBtSybA=
-7,21,/90Cv0GDt58BSn156qcbyo98ld4=,DrgEo/FWNdSb2+mm8Xo5BaWv06Q=
-5,22,/90Cv0GDt58BSn156qcbyo98ld4=,vB1Y1CcNlsiqxm8HYT8qEBtSybA=
-7,22,/90Cv0GDt58BSn156qcbyo98ld4=,fmsinw7rzgAVRRYKlYzRZsiwbqU=
-7,16,/90Cv0GDt58BSn156qcbyo98ld4=,7itQhH7pJkgmQrKBjvMEmQ4aVe8=
-6,16,/90Cv0GDt58BSn156qcbyo98ld4=,wIhKTB7wcSAmwIGSPWvuo3Ik27s=
-5,16,/90Cv0GDt58BSn156qcbyo98ld4=,wIhKTB7wcSAmwIGSPWvuo3Ik27s=
-4,16,/90Cv0GDt58BSn156qcbyo98ld4=,HaLyYVroG/lUhKOy0lIyeSwA4pg=
-3,16,/90Cv0GDt58BSn156qcbyo98ld4=,HaLyYVroG/lUhKOy0lIyeSwA4pg=
-1,16,/90Cv0GDt58BSn156qcbyo98ld4=,kw+OEdCBFenyIemukKcP8+n4fPs=
-2,16,/90Cv0GDt58BSn156qcbyo98ld4=,kw+OEdCBFenyIemukKcP8+n4fPs=
-14,29,B8RPUugXyRQpovQrgZZHarT2yOg=,xEd1/PoultXvApKV2djebU+/fa4=
-16,29,B8RPUugXyRQpovQrgZZHarT2yOg=,/wEP6Lp0uG6LGjjcnK7ZAdacAug=
-15,29,B8RPUugXyRQpovQrgZZHarT2yOg=,/wEP6Lp0uG6LGjjcnK7ZAdacAug=
-15,31,B8RPUugXyRQpovQrgZZHarT2yOg=,QnTE4dPZN8Jx3WDCdn+w4orOaqo=
-14,31,B8RPUugXyRQpovQrgZZHarT2yOg=,kO4VtzqaNyydPXUWABXegUMafZM=
-15,30,B8RPUugXyRQpovQrgZZHarT2yOg=,QnTE4dPZN8Jx3WDCdn+w4orOaqo=
-14,30,B8RPUugXyRQpovQrgZZHarT2yOg=,kO4VtzqaNyydPXUWABXegUMafZM=
-16,30,B8RPUugXyRQpovQrgZZHarT2yOg=,QnTE4dPZN8Jx3WDCdn+w4orOaqo=
-16,28,B8RPUugXyRQpovQrgZZHarT2yOg=,/wEP6Lp0uG6LGjjcnK7ZAdacAug=
-16,27,B8RPUugXyRQpovQrgZZHarT2yOg=,VBbO5t6IJ+nZTn/Q5F7kL9DkS5Q=
-16,26,B8RPUugXyRQpovQrgZZHarT2yOg=,VBbO5t6IJ+nZTn/Q5F7kL9DkS5Q=
-16,25,B8RPUugXyRQpovQrgZZHarT2yOg=,VXXdF7O1CILpWIa2ktL7EI+Jp00=
-15,24,wQMlkReJv7YwtNUzS+xhwhuHCtM=,VXXdF7O1CILpWIa2ktL7EI+Jp00=
-12,24,wQMlkReJv7YwtNUzS+xhwhuHCtM=,oPMnqjNbijvhcLGzF2+YcmUtGEs=
-12,23,wQMlkReJv7YwtNUzS+xhwhuHCtM=,JuzTgoh0wv1C8ZGLm5l9TA+86dY=
-15,23,wQMlkReJv7YwtNUzS+xhwhuHCtM=,5s/GTan3cetBXGm2NFJUfKmAU4M=
-14,24,wQMlkReJv7YwtNUzS+xhwhuHCtM=,T5pXumsn/CDomBw9i3VwJmQ8dyA=
-14,23,wQMlkReJv7YwtNUzS+xhwhuHCtM=,Xf7B8AyC+usLeaoN1FHXhCE8he8=
-13,23,wQMlkReJv7YwtNUzS+xhwhuHCtM=,Xf7B8AyC+usLeaoN1FHXhCE8he8=
-13,24,wQMlkReJv7YwtNUzS+xhwhuHCtM=,T5pXumsn/CDomBw9i3VwJmQ8dyA=
-13,22,wQMlkReJv7YwtNUzS+xhwhuHCtM=,Xf7B8AyC+usLeaoN1FHXhCE8he8=
-13,21,wQMlkReJv7YwtNUzS+xhwhuHCtM=,3crsOTU0Wwe05piKZ8CU1pMELR0=
-12,22,wQMlkReJv7YwtNUzS+xhwhuHCtM=,JuzTgoh0wv1C8ZGLm5l9TA+86dY=
-12,21,wQMlkReJv7YwtNUzS+xhwhuHCtM=,PXtHvqIA0oNAkvjx06ko8/dqV/o=
-14,22,wQMlkReJv7YwtNUzS+xhwhuHCtM=,Xf7B8AyC+usLeaoN1FHXhCE8he8=
-15,22,wQMlkReJv7YwtNUzS+xhwhuHCtM=,5s/GTan3cetBXGm2NFJUfKmAU4M=
-14,21,wQMlkReJv7YwtNUzS+xhwhuHCtM=,3crsOTU0Wwe05piKZ8CU1pMELR0=
-15,21,wQMlkReJv7YwtNUzS+xhwhuHCtM=,rB4lT2Tccyhghfp10aO6pfXdlTc=
-15,20,7LDwx5o4v+FbugQX28Z+tTHdLok=,rB4lT2Tccyhghfp10aO6pfXdlTc=
-13,19,7LDwx5o4v+FbugQX28Z+tTHdLok=,9V0i4wYB9CjHvh6qI6//wYoiaGA=
-12,19,7LDwx5o4v+FbugQX28Z+tTHdLok=,j3x3xSHAtFl7xZsjVykhHMkAPUw=
-14,19,7LDwx5o4v+FbugQX28Z+tTHdLok=,9V0i4wYB9CjHvh6qI6//wYoiaGA=
-12,20,7LDwx5o4v+FbugQX28Z+tTHdLok=,PXtHvqIA0oNAkvjx06ko8/dqV/o=
-13,20,7LDwx5o4v+FbugQX28Z+tTHdLok=,3crsOTU0Wwe05piKZ8CU1pMELR0=
-15,19,7LDwx5o4v+FbugQX28Z+tTHdLok=,vPrKWxVAFhXYULAVYX4JlwEB52Q=
-14,20,7LDwx5o4v+FbugQX28Z+tTHdLok=,3crsOTU0Wwe05piKZ8CU1pMELR0=
-13,18,7LDwx5o4v+FbugQX28Z+tTHdLok=,9V0i4wYB9CjHvh6qI6//wYoiaGA=
-12,18,7LDwx5o4v+FbugQX28Z+tTHdLok=,j3x3xSHAtFl7xZsjVykhHMkAPUw=
-12,17,7LDwx5o4v+FbugQX28Z+tTHdLok=,t5vMR3v8NoyOI+I3R7pgAQKv24w=
-13,17,7LDwx5o4v+FbugQX28Z+tTHdLok=,076uvyfuRK1G4Bc0mNdqEObWWNw=
-14,18,7LDwx5o4v+FbugQX28Z+tTHdLok=,9V0i4wYB9CjHvh6qI6//wYoiaGA=
-14,17,7LDwx5o4v+FbugQX28Z+tTHdLok=,076uvyfuRK1G4Bc0mNdqEObWWNw=
-15,17,7LDwx5o4v+FbugQX28Z+tTHdLok=,EyVFoVsiTAAPA7zxcftzlZHXne8=
-15,18,7LDwx5o4v+FbugQX28Z+tTHdLok=,vPrKWxVAFhXYULAVYX4JlwEB52Q=
-14,16,7LDwx5o4v+FbugQX28Z+tTHdLok=,076uvyfuRK1G4Bc0mNdqEObWWNw=
-15,16,7LDwx5o4v+FbugQX28Z+tTHdLok=,EyVFoVsiTAAPA7zxcftzlZHXne8=
-12,16,7LDwx5o4v+FbugQX28Z+tTHdLok=,t5vMR3v8NoyOI+I3R7pgAQKv24w=
-13,16,7LDwx5o4v+FbugQX28Z+tTHdLok=,076uvyfuRK1G4Bc0mNdqEObWWNw=
-8,16,7LDwx5o4v+FbugQX28Z+tTHdLok=,7itQhH7pJkgmQrKBjvMEmQ4aVe8=
-11,16,7LDwx5o4v+FbugQX28Z+tTHdLok=,t5vMR3v8NoyOI+I3R7pgAQKv24w=
-10,16,7LDwx5o4v+FbugQX28Z+tTHdLok=,1iPzi4tYpKq0Ul6DMQtRDuC4Nas=
-9,16,7LDwx5o4v+FbugQX28Z+tTHdLok=,1iPzi4tYpKq0Ul6DMQtRDuC4Nas=
-16,18,uvegpv3WRI3ry6W6P3DZ5ZBtZ2k=,vPrKWxVAFhXYULAVYX4JlwEB52Q=
-16,17,uvegpv3WRI3ry6W6P3DZ5ZBtZ2k=,EyVFoVsiTAAPA7zxcftzlZHXne8=
-16,19,uvegpv3WRI3ry6W6P3DZ5ZBtZ2k=,vPrKWxVAFhXYULAVYX4JlwEB52Q=
-16,20,uvegpv3WRI3ry6W6P3DZ5ZBtZ2k=,rB4lT2Tccyhghfp10aO6pfXdlTc=
-16,24,uvegpv3WRI3ry6W6P3DZ5ZBtZ2k=,VXXdF7O1CILpWIa2ktL7EI+Jp00=
-16,23,uvegpv3WRI3ry6W6P3DZ5ZBtZ2k=,5s/GTan3cetBXGm2NFJUfKmAU4M=
-16,21,uvegpv3WRI3ry6W6P3DZ5ZBtZ2k=,rB4lT2Tccyhghfp10aO6pfXdlTc=
-16,22,uvegpv3WRI3ry6W6P3DZ5ZBtZ2k=,5s/GTan3cetBXGm2NFJUfKmAU4M=
-3,29,i8W2MA7yoaNeAK9g2C2/nDrv6nY=,zqs91B8b92ixxJTBQDXW7DPwSVw=
-3,30,i8W2MA7yoaNeAK9g2C2/nDrv6nY=,YddSdRqjkOR+wxKSz0ee0F5zbw4=
-2,29,i8W2MA7yoaNeAK9g2C2/nDrv6nY=,AUbPatdL2/ha1j6hZQWc2rPJrOg=
-2,30,i8W2MA7yoaNeAK9g2C2/nDrv6nY=,Sxu+9ZkFe3cZTzX9+FlhGDUeoAY=
-5,25,i8W2MA7yoaNeAK9g2C2/nDrv6nY=,/HG+m4UX7ojjw7XkGwsdycFdJyE=
-4,25,i8W2MA7yoaNeAK9g2C2/nDrv6nY=,sgwH7lQ3V6BItRVllc/RpofGEbY=
-5,26,i8W2MA7yoaNeAK9g2C2/nDrv6nY=,NBztLOsVrZ4aAFeOKFeMVpm4CIM=
-4,26,i8W2MA7yoaNeAK9g2C2/nDrv6nY=,bwrQFxhgDXwsDMaTnL7DrO/U8rQ=
-3,27,i8W2MA7yoaNeAK9g2C2/nDrv6nY=,bwrQFxhgDXwsDMaTnL7DrO/U8rQ=
-2,25,i8W2MA7yoaNeAK9g2C2/nDrv6nY=,sMEMhvV8OnaWb25XniVheDtz/f0=
-2,27,zL9lktUYzix3iEqAOg6L5s+VNIg=,HXLH8D+CQbUvTFMLcRmDctQ97RE=
-3,26,zL9lktUYzix3iEqAOg6L5s+VNIg=,bwrQFxhgDXwsDMaTnL7DrO/U8rQ=
-3,28,zL9lktUYzix3iEqAOg6L5s+VNIg=,zqs91B8b92ixxJTBQDXW7DPwSVw=
-2,28,zL9lktUYzix3iEqAOg6L5s+VNIg=,AUbPatdL2/ha1j6hZQWc2rPJrOg=
-3,25,zL9lktUYzix3iEqAOg6L5s+VNIg=,sgwH7lQ3V6BItRVllc/RpofGEbY=
-2,26,zL9lktUYzix3iEqAOg6L5s+VNIg=,HXLH8D+CQbUvTFMLcRmDctQ97RE=
-6,27,zL9lktUYzix3iEqAOg6L5s+VNIg=,NBztLOsVrZ4aAFeOKFeMVpm4CIM=
-7,27,zL9lktUYzix3iEqAOg6L5s+VNIg=,pEylei9WZjGtROeMiLKuPGtYLPM=
-4,27,zL9lktUYzix3iEqAOg6L5s+VNIg=,bwrQFxhgDXwsDMaTnL7DrO/U8rQ=
-5,27,zL9lktUYzix3iEqAOg6L5s+VNIg=,NBztLOsVrZ4aAFeOKFeMVpm4CIM=
-7,28,zL9lktUYzix3iEqAOg6L5s+VNIg=,M7jlkRCTvHb39hPO6+jl3dLOo0I=
-4,28,zL9lktUYzix3iEqAOg6L5s+VNIg=,zqs91B8b92ixxJTBQDXW7DPwSVw=
-5,28,zL9lktUYzix3iEqAOg6L5s+VNIg=,cSgz3j+R7ZufKW/KGgc5kSyNYJo=
-6,28,zL9lktUYzix3iEqAOg6L5s+VNIg=,cSgz3j+R7ZufKW/KGgc5kSyNYJo=
-4,29,zL9lktUYzix3iEqAOg6L5s+VNIg=,zqs91B8b92ixxJTBQDXW7DPwSVw=
-4,30,zL9lktUYzix3iEqAOg6L5s+VNIg=,YddSdRqjkOR+wxKSz0ee0F5zbw4=
-7,29,zL9lktUYzix3iEqAOg6L5s+VNIg=,M7jlkRCTvHb39hPO6+jl3dLOo0I=
-6,30,zL9lktUYzix3iEqAOg6L5s+VNIg=,ccHYKY2FQj7782Ff8POElhpfHrs=
-5,30,zL9lktUYzix3iEqAOg6L5s+VNIg=,ccHYKY2FQj7782Ff8POElhpfHrs=
-7,30,zL9lktUYzix3iEqAOg6L5s+VNIg=,Ie9DYUGyy4ZhuXpXW2fHExReDuU=
-6,29,zL9lktUYzix3iEqAOg6L5s+VNIg=,cSgz3j+R7ZufKW/KGgc5kSyNYJo=
-5,29,zL9lktUYzix3iEqAOg6L5s+VNIg=,cSgz3j+R7ZufKW/KGgc5kSyNYJo=
-5,31,zL9lktUYzix3iEqAOg6L5s+VNIg=,ccHYKY2FQj7782Ff8POElhpfHrs=
-4,31,zL9lktUYzix3iEqAOg6L5s+VNIg=,YddSdRqjkOR+wxKSz0ee0F5zbw4=
-2,31,zL9lktUYzix3iEqAOg6L5s+VNIg=,Sxu+9ZkFe3cZTzX9+FlhGDUeoAY=
-3,31,zL9lktUYzix3iEqAOg6L5s+VNIg=,YddSdRqjkOR+wxKSz0ee0F5zbw4=
-1,25,zL9lktUYzix3iEqAOg6L5s+VNIg=,sMEMhvV8OnaWb25XniVheDtz/f0=
-1,26,zL9lktUYzix3iEqAOg6L5s+VNIg=,HXLH8D+CQbUvTFMLcRmDctQ97RE=
-1,24,zL9lktUYzix3iEqAOg6L5s+VNIg=,sMEMhvV8OnaWb25XniVheDtz/f0=
-1,23,zL9lktUYzix3iEqAOg6L5s+VNIg=,WXltG/YbQmYamrTcg74O/hNogoM=
-1,22,zEe+uFNA3EyHKkJhDtLTyLW+gQk=,WXltG/YbQmYamrTcg74O/hNogoM=
-16,31,zEe+uFNA3EyHKkJhDtLTyLW+gQk=,QnTE4dPZN8Jx3WDCdn+w4orOaqo=
-1,21,zEe+uFNA3EyHKkJhDtLTyLW+gQk=,JRT5ighP+uYbqTyNsVDqQCBbnf8=
-16,16,zEe+uFNA3EyHKkJhDtLTyLW+gQk=,EyVFoVsiTAAPA7zxcftzlZHXne8=
-1,17,zEe+uFNA3EyHKkJhDtLTyLW+gQk=,kw+OEdCBFenyIemukKcP8+n4fPs=
-1,18,zEe+uFNA3EyHKkJhDtLTyLW+gQk=,QgVtbSCMQ46qZkK+8+1bm6n376w=
-1,20,zEe+uFNA3EyHKkJhDtLTyLW+gQk=,JRT5ighP+uYbqTyNsVDqQCBbnf8=
-1,19,zEe+uFNA3EyHKkJhDtLTyLW+gQk=,QgVtbSCMQ46qZkK+8+1bm6n376w=
-1,30,zEe+uFNA3EyHKkJhDtLTyLW+gQk=,Sxu+9ZkFe3cZTzX9+FlhGDUeoAY=
-1,28,zEe+uFNA3EyHKkJhDtLTyLW+gQk=,AUbPatdL2/ha1j6hZQWc2rPJrOg=
-1,27,zEe+uFNA3EyHKkJhDtLTyLW+gQk=,HXLH8D+CQbUvTFMLcRmDctQ97RE=
-1,29,zEe+uFNA3EyHKkJhDtLTyLW+gQk=,AUbPatdL2/ha1j6hZQWc2rPJrOg=
-1,31,zEe+uFNA3EyHKkJhDtLTyLW+gQk=,Sxu+9ZkFe3cZTzX9+FlhGDUeoAY=
-6,31,zEe+uFNA3EyHKkJhDtLTyLW+gQk=,ccHYKY2FQj7782Ff8POElhpfHrs=
-7,31,zEe+uFNA3EyHKkJhDtLTyLW+gQk=,Ie9DYUGyy4ZhuXpXW2fHExReDuU=
-9,31,zEe+uFNA3EyHKkJhDtLTyLW+gQk=,T8+O6L2w1koNYetggmdIHugfbBY=
-8,31,zEe+uFNA3EyHKkJhDtLTyLW+gQk=,Ie9DYUGyy4ZhuXpXW2fHExReDuU=
-10,31,zEe+uFNA3EyHKkJhDtLTyLW+gQk=,T8+O6L2w1koNYetggmdIHugfbBY=
-11,31,zEe+uFNA3EyHKkJhDtLTyLW+gQk=,bvgOkH5toG/pPW6SnTgUQnvKcZ8=
-13,31,zEe+uFNA3EyHKkJhDtLTyLW+gQk=,kO4VtzqaNyydPXUWABXegUMafZM=
-12,31,zEe+uFNA3EyHKkJhDtLTyLW+gQk=,bvgOkH5toG/pPW6SnTgUQnvKcZ8=
-2,2,8H0hHKcfWPN2TCCwe4FUoLNTPdo=,q+s+v5EenvIwiFvCzpP1ydlG6xk=
-3,2,8H0hHKcfWPN2TCCwe4FUoLNTPdo=,VtMc/oylqR6IGOkSsJRHrf4KdyU=
-2,1,8H0hHKcfWPN2TCCwe4FUoLNTPdo=,EoNNrSOZds+pEm/IFP/zS7NIBHU=
-3,1,8H0hHKcfWPN2TCCwe4FUoLNTPdo=,DZESaGo1eSoyhI0Y8VUO19qfnI0=
-5,1,/xJPH0vzSZ3MZOqje52aR9tncog=,xUYH8FdxrHTrs6uEef91PCzs8u0=
-5,2,/xJPH0vzSZ3MZOqje52aR9tncog=,ZEFoyHw5d7lIkbvA+mh0RsjOaAk=
-4,1,/xJPH0vzSZ3MZOqje52aR9tncog=,DZESaGo1eSoyhI0Y8VUO19qfnI0=
-4,2,/xJPH0vzSZ3MZOqje52aR9tncog=,VtMc/oylqR6IGOkSsJRHrf4KdyU=
-7,2,/xJPH0vzSZ3MZOqje52aR9tncog=,ldkPCfds3tSrGjZx/77iKOD6MPM=
-6,1,/xJPH0vzSZ3MZOqje52aR9tncog=,xUYH8FdxrHTrs6uEef91PCzs8u0=
-7,1,/xJPH0vzSZ3MZOqje52aR9tncog=,TT+ecVs3IehwXzw6Z+yxW42qio0=
-6,2,/xJPH0vzSZ3MZOqje52aR9tncog=,ZEFoyHw5d7lIkbvA+mh0RsjOaAk=
-6,3,/xJPH0vzSZ3MZOqje52aR9tncog=,ZEFoyHw5d7lIkbvA+mh0RsjOaAk=
-6,4,/xJPH0vzSZ3MZOqje52aR9tncog=,jScuNWNtdDI5+bX15KFWU1JtX0c=
-7,3,CvMCbkxPXfsiZz0NeapHSEu0j/0=,ldkPCfds3tSrGjZx/77iKOD6MPM=
-7,4,CvMCbkxPXfsiZz0NeapHSEu0j/0=,LYdr+B5qSNL+gJBkTUpa22WshFQ=
-6,6,CvMCbkxPXfsiZz0NeapHSEu0j/0=,+oTRREPO31in/8Q5k7MEWmXlKqg=
-7,6,CvMCbkxPXfsiZz0NeapHSEu0j/0=,N87/tebh5UvjoMHwIp6bu8n83mE=
-6,5,CvMCbkxPXfsiZz0NeapHSEu0j/0=,jScuNWNtdDI5+bX15KFWU1JtX0c=
-7,5,CvMCbkxPXfsiZz0NeapHSEu0j/0=,LYdr+B5qSNL+gJBkTUpa22WshFQ=
-6,7,CvMCbkxPXfsiZz0NeapHSEu0j/0=,+oTRREPO31in/8Q5k7MEWmXlKqg=
-6,8,CvMCbkxPXfsiZz0NeapHSEu0j/0=,BMx8lcX5oLveGlVbjSGMNv/+HB4=
-7,7,CvMCbkxPXfsiZz0NeapHSEu0j/0=,N87/tebh5UvjoMHwIp6bu8n83mE=
-7,8,CvMCbkxPXfsiZz0NeapHSEu0j/0=,fv8jzG5qC+fbLjkUtkuBzNHT3Uw=
-8,8,mSMTrREUjAzQ67/gfjGVz+e99xM=,fv8jzG5qC+fbLjkUtkuBzNHT3Uw=
-8,7,mSMTrREUjAzQ67/gfjGVz+e99xM=,N87/tebh5UvjoMHwIp6bu8n83mE=
-9,8,mSMTrREUjAzQ67/gfjGVz+e99xM=,ZZ5u3S2HG8n4OPx8LLwOO9Y/hTY=
-9,7,mSMTrREUjAzQ67/gfjGVz+e99xM=,DNIiABQgFQ6FnMdj1mWvc2vkeO8=
-8,9,mSMTrREUjAzQ67/gfjGVz+e99xM=,fv8jzG5qC+fbLjkUtkuBzNHT3Uw=
-9,10,mSMTrREUjAzQ67/gfjGVz+e99xM=,SdEOWfpEVGaNVa8yX5zVBoDOTAk=
-9,9,mSMTrREUjAzQ67/gfjGVz+e99xM=,ZZ5u3S2HG8n4OPx8LLwOO9Y/hTY=
-8,10,mSMTrREUjAzQ67/gfjGVz+e99xM=,1C17l5SarSaV26YG0UbOAIc7dsc=
-11,7,mSMTrREUjAzQ67/gfjGVz+e99xM=,kxt337z7ZxBPDNrK4si0fg+mCyo=
-10,7,mSMTrREUjAzQ67/gfjGVz+e99xM=,DNIiABQgFQ6FnMdj1mWvc2vkeO8=
-11,8,mSMTrREUjAzQ67/gfjGVz+e99xM=,Gj8RQCQ2grT7yUGGVaD6MGAn+/g=
-10,8,mSMTrREUjAzQ67/gfjGVz+e99xM=,ZZ5u3S2HG8n4OPx8LLwOO9Y/hTY=
-6,9,slLH+cKKstjU7waUHlh/NU0aHAw=,BMx8lcX5oLveGlVbjSGMNv/+HB4=
-7,10,slLH+cKKstjU7waUHlh/NU0aHAw=,1C17l5SarSaV26YG0UbOAIc7dsc=
-6,10,slLH+cKKstjU7waUHlh/NU0aHAw=,bfkwcwjBILt+VMpj2C/ll26IJSw=
-7,9,slLH+cKKstjU7waUHlh/NU0aHAw=,fv8jzG5qC+fbLjkUtkuBzNHT3Uw=
-5,10,slLH+cKKstjU7waUHlh/NU0aHAw=,bfkwcwjBILt+VMpj2C/ll26IJSw=
-4,10,slLH+cKKstjU7waUHlh/NU0aHAw=,J9o53qNR6ilS+eCLN7YrWOMevr4=
-5,9,slLH+cKKstjU7waUHlh/NU0aHAw=,BMx8lcX5oLveGlVbjSGMNv/+HB4=
-4,9,slLH+cKKstjU7waUHlh/NU0aHAw=,v+z4Eve1LMHFyFsJ7c3qjDerNmY=
-3,10,0l1m8MGD/3fL8omnO6FLqTh8tyE=,J9o53qNR6ilS+eCLN7YrWOMevr4=
-2,10,0l1m8MGD/3fL8omnO6FLqTh8tyE=,fRwJ8ujX1P+CLKVy8T/rEPByQbE=
-2,9,0l1m8MGD/3fL8omnO6FLqTh8tyE=,39bs2AFcDCd4D1w0NzWbh4z3L8Q=
-3,9,0l1m8MGD/3fL8omnO6FLqTh8tyE=,v+z4Eve1LMHFyFsJ7c3qjDerNmY=
-3,11,0l1m8MGD/3fL8omnO6FLqTh8tyE=,J9o53qNR6ilS+eCLN7YrWOMevr4=
-3,12,0l1m8MGD/3fL8omnO6FLqTh8tyE=,iiF+sM/EqA4NV0Eg5kbfqkq8eeU=
-2,11,0l1m8MGD/3fL8omnO6FLqTh8tyE=,fRwJ8ujX1P+CLKVy8T/rEPByQbE=
-2,12,0l1m8MGD/3fL8omnO6FLqTh8tyE=,WWMPL9bx2pIcZlQ6BCLEufl0J8k=
-5,7,0l1m8MGD/3fL8omnO6FLqTh8tyE=,+oTRREPO31in/8Q5k7MEWmXlKqg=
-5,8,0l1m8MGD/3fL8omnO6FLqTh8tyE=,BMx8lcX5oLveGlVbjSGMNv/+HB4=
-4,7,0l1m8MGD/3fL8omnO6FLqTh8tyE=,b1G2QLIZa7rnA/SjMcze0/abnvU=
-4,8,0l1m8MGD/3fL8omnO6FLqTh8tyE=,v+z4Eve1LMHFyFsJ7c3qjDerNmY=
-2,7,0l1m8MGD/3fL8omnO6FLqTh8tyE=,6DKWxekLMc3H8Saw5vC1b22O3LE=
-2,8,0l1m8MGD/3fL8omnO6FLqTh8tyE=,39bs2AFcDCd4D1w0NzWbh4z3L8Q=
-3,7,0l1m8MGD/3fL8omnO6FLqTh8tyE=,b1G2QLIZa7rnA/SjMcze0/abnvU=
-3,8,0l1m8MGD/3fL8omnO6FLqTh8tyE=,v+z4Eve1LMHFyFsJ7c3qjDerNmY=
-3,13,z4JOrUfV3vp8Bc4fVr3THgNHsMY=,iiF+sM/EqA4NV0Eg5kbfqkq8eeU=
-2,14,z4JOrUfV3vp8Bc4fVr3THgNHsMY=,to6OzHvuVXBbmQg/qjV8SnSRvks=
-3,14,z4JOrUfV3vp8Bc4fVr3THgNHsMY=,sNu81AUy1D9Er8MnrQMqM6aHfRc=
-2,13,z4JOrUfV3vp8Bc4fVr3THgNHsMY=,WWMPL9bx2pIcZlQ6BCLEufl0J8k=
-5,4,z4JOrUfV3vp8Bc4fVr3THgNHsMY=,jScuNWNtdDI5+bX15KFWU1JtX0c=
-5,6,z4JOrUfV3vp8Bc4fVr3THgNHsMY=,+oTRREPO31in/8Q5k7MEWmXlKqg=
-5,5,z4JOrUfV3vp8Bc4fVr3THgNHsMY=,jScuNWNtdDI5+bX15KFWU1JtX0c=
-4,5,z4JOrUfV3vp8Bc4fVr3THgNHsMY=,E5EY5+lPaT1ae1MQNkZUSZca41w=
-5,3,z4JOrUfV3vp8Bc4fVr3THgNHsMY=,ZEFoyHw5d7lIkbvA+mh0RsjOaAk=
-4,6,z4JOrUfV3vp8Bc4fVr3THgNHsMY=,b1G2QLIZa7rnA/SjMcze0/abnvU=
-4,4,z4JOrUfV3vp8Bc4fVr3THgNHsMY=,E5EY5+lPaT1ae1MQNkZUSZca41w=
-4,3,z4JOrUfV3vp8Bc4fVr3THgNHsMY=,VtMc/oylqR6IGOkSsJRHrf4KdyU=
-3,3,z4JOrUfV3vp8Bc4fVr3THgNHsMY=,VtMc/oylqR6IGOkSsJRHrf4KdyU=
-3,6,dcDK/QPXJyOQWV9NKqOnxdRUQXw=,b1G2QLIZa7rnA/SjMcze0/abnvU=
-2,3,dcDK/QPXJyOQWV9NKqOnxdRUQXw=,q+s+v5EenvIwiFvCzpP1ydlG6xk=
-3,4,dcDK/QPXJyOQWV9NKqOnxdRUQXw=,E5EY5+lPaT1ae1MQNkZUSZca41w=
-2,4,dcDK/QPXJyOQWV9NKqOnxdRUQXw=,JxyNVa99Dl2o2il5BQHrizJMPfM=
-3,5,dcDK/QPXJyOQWV9NKqOnxdRUQXw=,E5EY5+lPaT1ae1MQNkZUSZca41w=
-2,6,dcDK/QPXJyOQWV9NKqOnxdRUQXw=,6DKWxekLMc3H8Saw5vC1b22O3LE=
-2,5,dcDK/QPXJyOQWV9NKqOnxdRUQXw=,JxyNVa99Dl2o2il5BQHrizJMPfM=
-4,11,dcDK/QPXJyOQWV9NKqOnxdRUQXw=,J9o53qNR6ilS+eCLN7YrWOMevr4=
-4,12,dcDK/QPXJyOQWV9NKqOnxdRUQXw=,iiF+sM/EqA4NV0Eg5kbfqkq8eeU=
-5,14,dcDK/QPXJyOQWV9NKqOnxdRUQXw=,qkt4sufLdD3eAR5Lvs/Ox1jyFjE=
-4,13,dcDK/QPXJyOQWV9NKqOnxdRUQXw=,iiF+sM/EqA4NV0Eg5kbfqkq8eeU=
-4,14,dcDK/QPXJyOQWV9NKqOnxdRUQXw=,sNu81AUy1D9Er8MnrQMqM6aHfRc=
-5,12,dcDK/QPXJyOQWV9NKqOnxdRUQXw=,vl9FAAX5OAdfQAgI2mPon2XFe5k=
-5,13,dcDK/QPXJyOQWV9NKqOnxdRUQXw=,vl9FAAX5OAdfQAgI2mPon2XFe5k=
-5,11,dcDK/QPXJyOQWV9NKqOnxdRUQXw=,bfkwcwjBILt+VMpj2C/ll26IJSw=
-6,12,dcDK/QPXJyOQWV9NKqOnxdRUQXw=,vl9FAAX5OAdfQAgI2mPon2XFe5k=
-7,11,dcDK/QPXJyOQWV9NKqOnxdRUQXw=,1C17l5SarSaV26YG0UbOAIc7dsc=
-7,12,dcDK/QPXJyOQWV9NKqOnxdRUQXw=,8wLDPzg5oaOC2IDIx80aPClGrPg=
-6,11,dcDK/QPXJyOQWV9NKqOnxdRUQXw=,bfkwcwjBILt+VMpj2C/ll26IJSw=
-6,13,dcDK/QPXJyOQWV9NKqOnxdRUQXw=,vl9FAAX5OAdfQAgI2mPon2XFe5k=
-7,13,dcDK/QPXJyOQWV9NKqOnxdRUQXw=,8wLDPzg5oaOC2IDIx80aPClGrPg=
-7,14,dcDK/QPXJyOQWV9NKqOnxdRUQXw=,2804rGpQERSRnSGZKot4cURVgjs=
-6,14,dcDK/QPXJyOQWV9NKqOnxdRUQXw=,qkt4sufLdD3eAR5Lvs/Ox1jyFjE=
-8,11,dcDK/QPXJyOQWV9NKqOnxdRUQXw=,1C17l5SarSaV26YG0UbOAIc7dsc=
-8,12,dcDK/QPXJyOQWV9NKqOnxdRUQXw=,8wLDPzg5oaOC2IDIx80aPClGrPg=
-9,12,dcDK/QPXJyOQWV9NKqOnxdRUQXw=,dgDLGBgjyqriM+5L/BwuorDd1qw=
-9,11,dcDK/QPXJyOQWV9NKqOnxdRUQXw=,SdEOWfpEVGaNVa8yX5zVBoDOTAk=
-8,14,dcDK/QPXJyOQWV9NKqOnxdRUQXw=,2804rGpQERSRnSGZKot4cURVgjs=
-9,14,dcDK/QPXJyOQWV9NKqOnxdRUQXw=,xL013RkO1UiarQKnXAP+gSItfB4=
-8,13,dcDK/QPXJyOQWV9NKqOnxdRUQXw=,8wLDPzg5oaOC2IDIx80aPClGrPg=
-9,13,dcDK/QPXJyOQWV9NKqOnxdRUQXw=,dgDLGBgjyqriM+5L/BwuorDd1qw=
-10,13,OBBoqtwStUOUsKT87eRhFFihjww=,dgDLGBgjyqriM+5L/BwuorDd1qw=
-10,14,OBBoqtwStUOUsKT87eRhFFihjww=,xL013RkO1UiarQKnXAP+gSItfB4=
-11,14,OBBoqtwStUOUsKT87eRhFFihjww=,G9Tb9EsB4N1cZqcEbvuVxcB8m2E=
-11,13,OBBoqtwStUOUsKT87eRhFFihjww=,A+jxbx2iUI7GwPNrOCg8TszaUxk=
-10,9,OBBoqtwStUOUsKT87eRhFFihjww=,ZZ5u3S2HG8n4OPx8LLwOO9Y/hTY=
-10,10,OBBoqtwStUOUsKT87eRhFFihjww=,SdEOWfpEVGaNVa8yX5zVBoDOTAk=
-11,9,OBBoqtwStUOUsKT87eRhFFihjww=,Gj8RQCQ2grT7yUGGVaD6MGAn+/g=
-11,11,OBBoqtwStUOUsKT87eRhFFihjww=,5E1WADCIUhnBfZ9tBgfrJWjA+9A=
-10,11,OBBoqtwStUOUsKT87eRhFFihjww=,SdEOWfpEVGaNVa8yX5zVBoDOTAk=
-11,10,OBBoqtwStUOUsKT87eRhFFihjww=,5E1WADCIUhnBfZ9tBgfrJWjA+9A=
-11,12,OBBoqtwStUOUsKT87eRhFFihjww=,A+jxbx2iUI7GwPNrOCg8TszaUxk=
-10,12,OBBoqtwStUOUsKT87eRhFFihjww=,dgDLGBgjyqriM+5L/BwuorDd1qw=
-13,11,OBBoqtwStUOUsKT87eRhFFihjww=,oV8PoIh3hkVWzN1JuZSpf8mEZ9Y=
-12,11,OBBoqtwStUOUsKT87eRhFFihjww=,5E1WADCIUhnBfZ9tBgfrJWjA+9A=
-12,12,OBBoqtwStUOUsKT87eRhFFihjww=,A+jxbx2iUI7GwPNrOCg8TszaUxk=
-13,12,OBBoqtwStUOUsKT87eRhFFihjww=,DD3Fxf3yckeFWS5+WBTEXfbCH88=
-13,13,OBBoqtwStUOUsKT87eRhFFihjww=,DD3Fxf3yckeFWS5+WBTEXfbCH88=
-12,14,OBBoqtwStUOUsKT87eRhFFihjww=,G9Tb9EsB4N1cZqcEbvuVxcB8m2E=
-13,14,OBBoqtwStUOUsKT87eRhFFihjww=,x+O/jNexjIejgKvqIQc1T6zET64=
-12,13,OBBoqtwStUOUsKT87eRhFFihjww=,A+jxbx2iUI7GwPNrOCg8TszaUxk=
-13,9,OBBoqtwStUOUsKT87eRhFFihjww=,dI27yUp2DI6rAvX2Z2GJ2KWW754=
-12,9,OBBoqtwStUOUsKT87eRhFFihjww=,Gj8RQCQ2grT7yUGGVaD6MGAn+/g=
-12,10,OBBoqtwStUOUsKT87eRhFFihjww=,5E1WADCIUhnBfZ9tBgfrJWjA+9A=
-13,10,OBBoqtwStUOUsKT87eRhFFihjww=,oV8PoIh3hkVWzN1JuZSpf8mEZ9Y=
-14,10,90EfoTdphbdi56pQ7ldkBRCG8FE=,oV8PoIh3hkVWzN1JuZSpf8mEZ9Y=
-14,9,90EfoTdphbdi56pQ7ldkBRCG8FE=,dI27yUp2DI6rAvX2Z2GJ2KWW754=
-15,10,90EfoTdphbdi56pQ7ldkBRCG8FE=,zbzeTz0/Cmpy0fZ2wMmzwWg0bbk=
-15,9,90EfoTdphbdi56pQ7ldkBRCG8FE=,7aTEW+HrW4Y3VlZ+6oIzfUpUhew=
-14,11,90EfoTdphbdi56pQ7ldkBRCG8FE=,oV8PoIh3hkVWzN1JuZSpf8mEZ9Y=
-14,12,90EfoTdphbdi56pQ7ldkBRCG8FE=,DD3Fxf3yckeFWS5+WBTEXfbCH88=
-15,12,90EfoTdphbdi56pQ7ldkBRCG8FE=,MYTxteSIRFqPYAkJG7eDPIq8pko=
-15,11,90EfoTdphbdi56pQ7ldkBRCG8FE=,zbzeTz0/Cmpy0fZ2wMmzwWg0bbk=
-15,7,90EfoTdphbdi56pQ7ldkBRCG8FE=,JlbKKs7EMMNA5fvK42WiQBfAA6Q=
-15,8,90EfoTdphbdi56pQ7ldkBRCG8FE=,7aTEW+HrW4Y3VlZ+6oIzfUpUhew=
-14,7,90EfoTdphbdi56pQ7ldkBRCG8FE=,rS7fNC6oviMwTX8XZK0h++cs9qM=
-12,8,90EfoTdphbdi56pQ7ldkBRCG8FE=,Gj8RQCQ2grT7yUGGVaD6MGAn+/g=
-13,8,90EfoTdphbdi56pQ7ldkBRCG8FE=,dI27yUp2DI6rAvX2Z2GJ2KWW754=
-12,7,90EfoTdphbdi56pQ7ldkBRCG8FE=,kxt337z7ZxBPDNrK4si0fg+mCyo=
-13,7,90EfoTdphbdi56pQ7ldkBRCG8FE=,rS7fNC6oviMwTX8XZK0h++cs9qM=
-14,8,90EfoTdphbdi56pQ7ldkBRCG8FE=,dI27yUp2DI6rAvX2Z2GJ2KWW754=
-14,5,YQis3Vt75nQmto7B1CDLPk3N3aQ=,rRxX8yj7QeLMV/HN6r0KfPO9Cqo=
-15,5,YQis3Vt75nQmto7B1CDLPk3N3aQ=,tX9SrCVGzFpnge2BAYf4F2zhmKQ=
-14,6,YQis3Vt75nQmto7B1CDLPk3N3aQ=,rS7fNC6oviMwTX8XZK0h++cs9qM=
-15,6,YQis3Vt75nQmto7B1CDLPk3N3aQ=,JlbKKs7EMMNA5fvK42WiQBfAA6Q=
-15,4,YQis3Vt75nQmto7B1CDLPk3N3aQ=,tX9SrCVGzFpnge2BAYf4F2zhmKQ=
-14,3,YQis3Vt75nQmto7B1CDLPk3N3aQ=,2jlXId5pd+3ScRWydhlLqHIkDhg=
-14,4,YQis3Vt75nQmto7B1CDLPk3N3aQ=,rRxX8yj7QeLMV/HN6r0KfPO9Cqo=
-15,3,YQis3Vt75nQmto7B1CDLPk3N3aQ=,9Fhkqx6U8fXHO6l0W/6ZZASboIw=
-13,1,xeBrmesIgUoEWmSEtyTiOEqj/GU=,raPFky3nlXj0JuYbziMSd0ySsVQ=
-12,2,xeBrmesIgUoEWmSEtyTiOEqj/GU=,BkJKZiF2L0D2vELK+zb5rM8OnZQ=
-12,1,xeBrmesIgUoEWmSEtyTiOEqj/GU=,cKhrdn0z5Y68GyztSYXOGFOqhg8=
-13,2,xeBrmesIgUoEWmSEtyTiOEqj/GU=,2jlXId5pd+3ScRWydhlLqHIkDhg=
-14,1,xeBrmesIgUoEWmSEtyTiOEqj/GU=,raPFky3nlXj0JuYbziMSd0ySsVQ=
-15,2,xeBrmesIgUoEWmSEtyTiOEqj/GU=,9Fhkqx6U8fXHO6l0W/6ZZASboIw=
-14,2,xeBrmesIgUoEWmSEtyTiOEqj/GU=,2jlXId5pd+3ScRWydhlLqHIkDhg=
-15,1,xeBrmesIgUoEWmSEtyTiOEqj/GU=,/UHScTQoejei06KtZoYMasVyA3E=
-13,3,yyNlCTcNcxP8DBHCsTx+pJTyIDc=,2jlXId5pd+3ScRWydhlLqHIkDhg=
-13,4,yyNlCTcNcxP8DBHCsTx+pJTyIDc=,rRxX8yj7QeLMV/HN6r0KfPO9Cqo=
-12,6,yyNlCTcNcxP8DBHCsTx+pJTyIDc=,kxt337z7ZxBPDNrK4si0fg+mCyo=
-13,6,yyNlCTcNcxP8DBHCsTx+pJTyIDc=,rS7fNC6oviMwTX8XZK0h++cs9qM=
-12,3,yyNlCTcNcxP8DBHCsTx+pJTyIDc=,BkJKZiF2L0D2vELK+zb5rM8OnZQ=
-13,5,yyNlCTcNcxP8DBHCsTx+pJTyIDc=,rRxX8yj7QeLMV/HN6r0KfPO9Cqo=
-12,5,yyNlCTcNcxP8DBHCsTx+pJTyIDc=,K8WyYEHG/lAS5D6K0xPjxq+uL6Q=
-12,4,yyNlCTcNcxP8DBHCsTx+pJTyIDc=,K8WyYEHG/lAS5D6K0xPjxq+uL6Q=
-11,6,yyNlCTcNcxP8DBHCsTx+pJTyIDc=,kxt337z7ZxBPDNrK4si0fg+mCyo=
-8,6,yyNlCTcNcxP8DBHCsTx+pJTyIDc=,N87/tebh5UvjoMHwIp6bu8n83mE=
-10,3,yyNlCTcNcxP8DBHCsTx+pJTyIDc=,s8itsmRdJ1RhwL5uOxzQHwocauA=
-11,5,yyNlCTcNcxP8DBHCsTx+pJTyIDc=,K8WyYEHG/lAS5D6K0xPjxq+uL6Q=
-11,4,yyNlCTcNcxP8DBHCsTx+pJTyIDc=,K8WyYEHG/lAS5D6K0xPjxq+uL6Q=
-10,5,yyNlCTcNcxP8DBHCsTx+pJTyIDc=,j30Rj941VrPzh2u0ROQzSj9gGh4=
-11,3,yyNlCTcNcxP8DBHCsTx+pJTyIDc=,BkJKZiF2L0D2vELK+zb5rM8OnZQ=
-9,6,yyNlCTcNcxP8DBHCsTx+pJTyIDc=,DNIiABQgFQ6FnMdj1mWvc2vkeO8=
-10,6,yyNlCTcNcxP8DBHCsTx+pJTyIDc=,DNIiABQgFQ6FnMdj1mWvc2vkeO8=
-8,3,yyNlCTcNcxP8DBHCsTx+pJTyIDc=,ldkPCfds3tSrGjZx/77iKOD6MPM=
-10,4,yyNlCTcNcxP8DBHCsTx+pJTyIDc=,j30Rj941VrPzh2u0ROQzSj9gGh4=
-9,3,yyNlCTcNcxP8DBHCsTx+pJTyIDc=,s8itsmRdJ1RhwL5uOxzQHwocauA=
-8,5,yyNlCTcNcxP8DBHCsTx+pJTyIDc=,LYdr+B5qSNL+gJBkTUpa22WshFQ=
-9,5,yyNlCTcNcxP8DBHCsTx+pJTyIDc=,j30Rj941VrPzh2u0ROQzSj9gGh4=
-9,4,yyNlCTcNcxP8DBHCsTx+pJTyIDc=,j30Rj941VrPzh2u0ROQzSj9gGh4=
-8,4,yyNlCTcNcxP8DBHCsTx+pJTyIDc=,LYdr+B5qSNL+gJBkTUpa22WshFQ=
-8,2,yyNlCTcNcxP8DBHCsTx+pJTyIDc=,ldkPCfds3tSrGjZx/77iKOD6MPM=
-8,1,yyNlCTcNcxP8DBHCsTx+pJTyIDc=,TT+ecVs3IehwXzw6Z+yxW42qio0=
-9,1,yyNlCTcNcxP8DBHCsTx+pJTyIDc=,bCGo/QE7gSGtyFn8fBbd8Gd6Qbo=
-11,1,yyNlCTcNcxP8DBHCsTx+pJTyIDc=,cKhrdn0z5Y68GyztSYXOGFOqhg8=
-11,2,yyNlCTcNcxP8DBHCsTx+pJTyIDc=,BkJKZiF2L0D2vELK+zb5rM8OnZQ=
-10,1,yyNlCTcNcxP8DBHCsTx+pJTyIDc=,bCGo/QE7gSGtyFn8fBbd8Gd6Qbo=
-9,2,yyNlCTcNcxP8DBHCsTx+pJTyIDc=,s8itsmRdJ1RhwL5uOxzQHwocauA=
-10,2,yyNlCTcNcxP8DBHCsTx+pJTyIDc=,s8itsmRdJ1RhwL5uOxzQHwocauA=
-8,0,enu4kacobZl+jOlyXj0wlgfuRkw=,TT+ecVs3IehwXzw6Z+yxW42qio0=
-9,0,enu4kacobZl+jOlyXj0wlgfuRkw=,bCGo/QE7gSGtyFn8fBbd8Gd6Qbo=
-6,0,enu4kacobZl+jOlyXj0wlgfuRkw=,xUYH8FdxrHTrs6uEef91PCzs8u0=
-7,0,enu4kacobZl+jOlyXj0wlgfuRkw=,TT+ecVs3IehwXzw6Z+yxW42qio0=
-11,0,enu4kacobZl+jOlyXj0wlgfuRkw=,cKhrdn0z5Y68GyztSYXOGFOqhg8=
-10,0,enu4kacobZl+jOlyXj0wlgfuRkw=,bCGo/QE7gSGtyFn8fBbd8Gd6Qbo=
-13,0,enu4kacobZl+jOlyXj0wlgfuRkw=,raPFky3nlXj0JuYbziMSd0ySsVQ=
-12,0,enu4kacobZl+jOlyXj0wlgfuRkw=,cKhrdn0z5Y68GyztSYXOGFOqhg8=
-14,0,enu4kacobZl+jOlyXj0wlgfuRkw=,raPFky3nlXj0JuYbziMSd0ySsVQ=
-15,0,enu4kacobZl+jOlyXj0wlgfuRkw=,/UHScTQoejei06KtZoYMasVyA3E=
-5,0,enu4kacobZl+jOlyXj0wlgfuRkw=,xUYH8FdxrHTrs6uEef91PCzs8u0=
-4,0,enu4kacobZl+jOlyXj0wlgfuRkw=,DZESaGo1eSoyhI0Y8VUO19qfnI0=
-3,0,enu4kacobZl+jOlyXj0wlgfuRkw=,DZESaGo1eSoyhI0Y8VUO19qfnI0=
-2,0,enu4kacobZl+jOlyXj0wlgfuRkw=,EoNNrSOZds+pEm/IFP/zS7NIBHU=
-16,1,enu4kacobZl+jOlyXj0wlgfuRkw=,/UHScTQoejei06KtZoYMasVyA3E=
-16,2,enu4kacobZl+jOlyXj0wlgfuRkw=,9Fhkqx6U8fXHO6l0W/6ZZASboIw=
-16,3,enu4kacobZl+jOlyXj0wlgfuRkw=,9Fhkqx6U8fXHO6l0W/6ZZASboIw=
-16,4,enu4kacobZl+jOlyXj0wlgfuRkw=,tX9SrCVGzFpnge2BAYf4F2zhmKQ=
-16,5,enu4kacobZl+jOlyXj0wlgfuRkw=,tX9SrCVGzFpnge2BAYf4F2zhmKQ=
-16,6,enu4kacobZl+jOlyXj0wlgfuRkw=,JlbKKs7EMMNA5fvK42WiQBfAA6Q=
-16,8,enu4kacobZl+jOlyXj0wlgfuRkw=,7aTEW+HrW4Y3VlZ+6oIzfUpUhew=
-16,7,enu4kacobZl+jOlyXj0wlgfuRkw=,JlbKKs7EMMNA5fvK42WiQBfAA6Q=
-16,9,enu4kacobZl+jOlyXj0wlgfuRkw=,7aTEW+HrW4Y3VlZ+6oIzfUpUhew=
-16,10,enu4kacobZl+jOlyXj0wlgfuRkw=,zbzeTz0/Cmpy0fZ2wMmzwWg0bbk=
-16,12,enu4kacobZl+jOlyXj0wlgfuRkw=,MYTxteSIRFqPYAkJG7eDPIq8pko=
-16,11,enu4kacobZl+jOlyXj0wlgfuRkw=,zbzeTz0/Cmpy0fZ2wMmzwWg0bbk=
-14,15,zv6/YQ67E1kNKTLG++PA43B5gpI=,x+O/jNexjIejgKvqIQc1T6zET64=
-14,13,zv6/YQ67E1kNKTLG++PA43B5gpI=,DD3Fxf3yckeFWS5+WBTEXfbCH88=
-16,13,zv6/YQ67E1kNKTLG++PA43B5gpI=,MYTxteSIRFqPYAkJG7eDPIq8pko=
-15,13,zv6/YQ67E1kNKTLG++PA43B5gpI=,MYTxteSIRFqPYAkJG7eDPIq8pko=
-15,15,zv6/YQ67E1kNKTLG++PA43B5gpI=,bF5+j59JaP9rSOxkIQoxu9U5n1g=
-15,14,zv6/YQ67E1kNKTLG++PA43B5gpI=,bF5+j59JaP9rSOxkIQoxu9U5n1g=
-16,14,zv6/YQ67E1kNKTLG++PA43B5gpI=,bF5+j59JaP9rSOxkIQoxu9U5n1g=
-14,14,zv6/YQ67E1kNKTLG++PA43B5gpI=,x+O/jNexjIejgKvqIQc1T6zET64=
-13,15,zv6/YQ67E1kNKTLG++PA43B5gpI=,x+O/jNexjIejgKvqIQc1T6zET64=
-12,15,zv6/YQ67E1kNKTLG++PA43B5gpI=,G9Tb9EsB4N1cZqcEbvuVxcB8m2E=
-11,15,zv6/YQ67E1kNKTLG++PA43B5gpI=,G9Tb9EsB4N1cZqcEbvuVxcB8m2E=
-10,15,zv6/YQ67E1kNKTLG++PA43B5gpI=,xL013RkO1UiarQKnXAP+gSItfB4=
-9,15,zv6/YQ67E1kNKTLG++PA43B5gpI=,xL013RkO1UiarQKnXAP+gSItfB4=
-8,15,zv6/YQ67E1kNKTLG++PA43B5gpI=,2804rGpQERSRnSGZKot4cURVgjs=
-7,15,zv6/YQ67E1kNKTLG++PA43B5gpI=,2804rGpQERSRnSGZKot4cURVgjs=
-6,15,zv6/YQ67E1kNKTLG++PA43B5gpI=,qkt4sufLdD3eAR5Lvs/Ox1jyFjE=
-5,15,zv6/YQ67E1kNKTLG++PA43B5gpI=,qkt4sufLdD3eAR5Lvs/Ox1jyFjE=
-4,15,zv6/YQ67E1kNKTLG++PA43B5gpI=,sNu81AUy1D9Er8MnrQMqM6aHfRc=
-3,15,zv6/YQ67E1kNKTLG++PA43B5gpI=,sNu81AUy1D9Er8MnrQMqM6aHfRc=
-2,15,zv6/YQ67E1kNKTLG++PA43B5gpI=,to6OzHvuVXBbmQg/qjV8SnSRvks=
-1,13,zv6/YQ67E1kNKTLG++PA43B5gpI=,WWMPL9bx2pIcZlQ6BCLEufl0J8k=
-1,14,zv6/YQ67E1kNKTLG++PA43B5gpI=,to6OzHvuVXBbmQg/qjV8SnSRvks=
-1,12,zv6/YQ67E1kNKTLG++PA43B5gpI=,WWMPL9bx2pIcZlQ6BCLEufl0J8k=
-1,11,zv6/YQ67E1kNKTLG++PA43B5gpI=,fRwJ8ujX1P+CLKVy8T/rEPByQbE=
-1,9,aT9S+J/auhq83c7Nndm5x3gf2ac=,39bs2AFcDCd4D1w0NzWbh4z3L8Q=
-1,10,aT9S+J/auhq83c7Nndm5x3gf2ac=,fRwJ8ujX1P+CLKVy8T/rEPByQbE=
-1,7,aT9S+J/auhq83c7Nndm5x3gf2ac=,6DKWxekLMc3H8Saw5vC1b22O3LE=
-1,8,aT9S+J/auhq83c7Nndm5x3gf2ac=,39bs2AFcDCd4D1w0NzWbh4z3L8Q=
-1,5,aT9S+J/auhq83c7Nndm5x3gf2ac=,JxyNVa99Dl2o2il5BQHrizJMPfM=
-1,6,aT9S+J/auhq83c7Nndm5x3gf2ac=,6DKWxekLMc3H8Saw5vC1b22O3LE=
-1,3,aT9S+J/auhq83c7Nndm5x3gf2ac=,q+s+v5EenvIwiFvCzpP1ydlG6xk=
-1,4,aT9S+J/auhq83c7Nndm5x3gf2ac=,JxyNVa99Dl2o2il5BQHrizJMPfM=
-1,1,aT9S+J/auhq83c7Nndm5x3gf2ac=,EoNNrSOZds+pEm/IFP/zS7NIBHU=
-1,2,aT9S+J/auhq83c7Nndm5x3gf2ac=,q+s+v5EenvIwiFvCzpP1ydlG6xk=
-16,15,aT9S+J/auhq83c7Nndm5x3gf2ac=,bF5+j59JaP9rSOxkIQoxu9U5n1g=
-1,15,aT9S+J/auhq83c7Nndm5x3gf2ac=,to6OzHvuVXBbmQg/qjV8SnSRvks=
-1,0,aT9S+J/auhq83c7Nndm5x3gf2ac=,EoNNrSOZds+pEm/IFP/zS7NIBHU=
-16,0,aT9S+J/auhq83c7Nndm5x3gf2ac=,/UHScTQoejei06KtZoYMasVyA3E=
