97,34,wx5dHADcB7FA1QyBz2SmJphsyGI=,P5hr43eFhbrzADYpnF16YSMRnYg=
97,33,v5oB+OGbtVy36m99Qvxne6fXRFQ=,HVuU/8H7FjWFvjCMX9wvQwc79b0=
97,42,v5oB+OGbtVy36m99Qvxne6fXRFQ=,2NJYKs+H5WhkFQUVdcnYR66o+P4=
97,41,v5oB+OGbtVy36m99Qvxne6fXRFQ=,Kck1qnINcXiDtPkKku8PJ0JOdu4=
97,43,v5oB+OGbtVy36m99Qvxne6fXRFQ=,2NJYKs+H5WhkFQUVdcnYR66o+P4=
97,44,v5oB+OGbtVy36m99Qvxne6fXRFQ=,YUO9o+pc0reLnF8xkBgXVS2jbN8=
97,47,v5oB+OGbtVy36m99Qvxne6fXRFQ=,5MJX8fMM7ugELZTEoGkvWS2+36U=
97,45,v5oB+OGbtVy36m99Qvxne6fXRFQ=,YUO9o+pc0reLnF8xkBgXVS2jbN8=
97,46,v5oB+OGbtVy36m99Qvxne6fXRFQ=,5MJX8fMM7ugELZTEoGkvWS2+36U=
96,46,v5oB+OGbtVy36m99Qvxne6fXRFQ=,5MJX8fMM7ugELZTEoGkvWS2+36U=
96,45,v5oB+OGbtVy36m99Qvxne6fXRFQ=,YUO9o+pc0reLnF8xkBgXVS2jbN8=
96,47,v5oB+OGbtVy36m99Qvxne6fXRFQ=,5MJX8fMM7ugELZTEoGkvWS2+36U=
96,42,v5oB+OGbtVy36m99Qvxne6fXRFQ=,2NJYKs+H5WhkFQUVdcnYR66o+P4=
96,43,v5oB+OGbtVy36m99Qvxne6fXRFQ=,2NJYKs+H5WhkFQUVdcnYR66o+P4=
96,41,v5oB+OGbtVy36m99Qvxne6fXRFQ=,Kck1qnINcXiDtPkKku8PJ0JOdu4=
96,44,v5oB+OGbtVy36m99Qvxne6fXRFQ=,YUO9o+pc0reLnF8xkBgXVS2jbN8=
96,40,v5oB+OGbtVy36m99Qvxne6fXRFQ=,Kck1qnINcXiDtPkKku8PJ0JOdu4=
96,39,v5oB+OGbtVy36m99Qvxne6fXRFQ=,sLZC2M20bbwKIp0TyNhzXDh7uBI=
96,37,v5oB+OGbtVy36m99Qvxne6fXRFQ=,sLZC2M20bbwKIp0TyNhzXDh7uBI=
96,38,v5oB+OGbtVy36m99Qvxne6fXRFQ=,sLZC2M20bbwKIp0TyNhzXDh7uBI=
96,35,v5oB+OGbtVy36m99Qvxne6fXRFQ=,P5hr43eFhbrzADYpnF16YSMRnYg=
96,36,v5oB+OGbtVy36m99Qvxne6fXRFQ=,sLZC2M20bbwKIp0TyNhzXDh7uBI=
97,39,v5oB+OGbtVy36m99Qvxne6fXRFQ=,sLZC2M20bbwKIp0TyNhzXDh7uBI=
97,40,v5oB+OGbtVy36m99Qvxne6fXRFQ=,Kck1qnINcXiDtPkKku8PJ0JOdu4=
97,38,v5oB+OGbtVy36m99Qvxne6fXRFQ=,sLZC2M20bbwKIp0TyNhzXDh7uBI=
97,37,v5oB+OGbtVy36m99Qvxne6fXRFQ=,sLZC2M20bbwKIp0TyNhzXDh7uBI=
97,35,v5oB+OGbtVy36m99Qvxne6fXRFQ=,P5hr43eFhbrzADYpnF16YSMRnYg=
97,36,v5oB+OGbtVy36m99Qvxne6fXRFQ=,sLZC2M20bbwKIp0TyNhzXDh7uBI=
97,32,v5oB+OGbtVy36m99Qvxne6fXRFQ=,HVuU/8H7FjWFvjCMX9wvQwc79b0=
96,33,v5oB+OGbtVy36m99Qvxne6fXRFQ=,HVuU/8H7FjWFvjCMX9wvQwc79b0=
96,34,v5oB+OGbtVy36m99Qvxne6fXRFQ=,P5hr43eFhbrzADYpnF16YSMRnYg=
96,32,v5oB+OGbtVy36m99Qvxne6fXRFQ=,HVuU/8H7FjWFvjCMX9wvQwc79b0=
96,48,v5oB+OGbtVy36m99Qvxne6fXRFQ=,sOje2nVPJ/Cki4sYVbXrbzyQGeI=
97,48,v5oB+OGbtVy36m99Qvxne6fXRFQ=,sOje2nVPJ/Cki4sYVbXrbzyQGeI=
96,49,v5oB+OGbtVy36m99Qvxne6fXRFQ=,sOje2nVPJ/Cki4sYVbXrbzyQGeI=
97,49,v5oB+OGbtVy36m99Qvxne6fXRFQ=,sOje2nVPJ/Cki4sYVbXrbzyQGeI=
