0,0,qKoe7RvXcJBnnXVjKKjVNz4hjKU=,3R96jP7odpVjlTrIGnWShjGYa7A=
0,1,qKoe7RvXcJBnnXVjKKjVNz4hjKU=,3R96jP7odpVjlTrIGnWShjGYa7A=
0,2,qKoe7RvXcJBnnXVjKKjVNz4hjKU=,3R96jP7odpVjlTrIGnWShjGYa7A=
0,3,qKoe7RvXcJBnnXVjKKjVNz4hjKU=,3R96jP7odpVjlTrIGnWShjGYa7A=
0,4,qKoe7RvXcJBnnXVjKKjVNz4hjKU=,3R96jP7odpVjlTrIGnWShjGYa7A=
0,5,qKoe7RvXcJBnnXVjKKjVNz4hjKU=,zAQBZ5+x5qzPug1fF8ICPcmR2uk=
0,6,qKoe7RvXcJBnnXVjKKjVNz4hjKU=,eUEdWR9sVDcFkUkPWryj+G9q6v4=
0,7,qKoe7RvXcJBnnXVjKKjVNz4hjKU=,BBsHic1GsTOf7JHW0TbL9Yhk858=
0,8,qKoe7RvXcJBnnXVjKKjVNz4hjKU=,BBsHic1GsTOf7JHW0TbL9Yhk858=
0,9,qKoe7RvXcJBnnXVjKKjVNz4hjKU=,BBsHic1GsTOf7JHW0TbL9Yhk858=
0,10,qKoe7RvXcJBnnXVjKKjVNz4hjKU=,BBsHic1GsTOf7JHW0TbL9Yhk858=
0,11,qKoe7RvXcJBnnXVjKKjVNz4hjKU=,0pWbECVY5TjVzoBPCriftImdGMk=
0,12,qKoe7RvXcJBnnXVjKKjVNz4hjKU=,/e6ma6wfQ/Gqor5bzhDszCifyVc=
1,1,BT6aA0QZi2LgaITQ6MgAWxas59M=,z+610SXX+hjATFvLn0Eg2wR7MKg=
1,0,BT6aA0QZi2LgaITQ6MgAWxas59M=,z+610SXX+hjATFvLn0Eg2wR7MKg=
1,3,BT6aA0QZi2LgaITQ6MgAWxas59M=,z+610SXX+hjATFvLn0Eg2wR7MKg=
1,2,BT6aA0QZi2LgaITQ6MgAWxas59M=,z+610SXX+hjATFvLn0Eg2wR7MKg=
1,5,BT6aA0QZi2LgaITQ6MgAWxas59M=,z+610SXX+hjATFvLn0Eg2wR7MKg=
1,4,BT6aA0QZi2LgaITQ6MgAWxas59M=,z+610SXX+hjATFvLn0Eg2wR7MKg=
1,7,BT6aA0QZi2LgaITQ6MgAWxas59M=,+GsfWl0j1ALdxGCWrZN7n5tSpng=
1,6,BT6aA0QZi2LgaITQ6MgAWxas59M=,/CU9f9k0WDbfFzj+59UuifHX0ho=
1,9,BT6aA0QZi2LgaITQ6MgAWxas59M=,/CU9f9k0WDbfFzj+59UuifHX0ho=
1,8,BT6aA0QZi2LgaITQ6MgAWxas59M=,/CU9f9k0WDbfFzj+59UuifHX0ho=
1,11,BT6aA0QZi2LgaITQ6MgAWxas59M=,/CU9f9k0WDbfFzj+59UuifHX0ho=
1,10,BT6aA0QZi2LgaITQ6MgAWxas59M=,/CU9f9k0WDbfFzj+59UuifHX0ho=
1,12,BT6aA0QZi2LgaITQ6MgAWxas59M=,kI5ZXe0Z6Ph0PzAUc5e4JPMYUkE=
2,2,BT6aA0QZi2LgaITQ6MgAWxas59M=,3e8lMJSNNeR0NN8luLyNxOkNYoo=
2,3,BT6aA0QZi2LgaITQ6MgAWxas59M=,/2/kVzhsPMq621HMlTlfqunrqM4=
2,0,BT6aA0QZi2LgaITQ6MgAWxas59M=,/2/kVzhsPMq621HMlTlfqunrqM4=
2,1,BT6aA0QZi2LgaITQ6MgAWxas59M=,/2/kVzhsPMq621HMlTlfqunrqM4=
2,6,BT6aA0QZi2LgaITQ6MgAWxas59M=,/2/kVzhsPMq621HMlTlfqunrqM4=
2,7,BT6aA0QZi2LgaITQ6MgAWxas59M=,WLtS4dICSdH2h6kOTw5+G4YwzTU=
2,4,BT6aA0QZi2LgaITQ6MgAWxas59M=,emklG70Ln9rrn2qEEC3MGMI5Rkk=
2,5,BT6aA0QZi2LgaITQ6MgAWxas59M=,mW1/3LzlcRtio76fLZGfCq4IhXw=
2,10,BT6aA0QZi2LgaITQ6MgAWxas59M=,1JA4FLOavImWcnUkFxk4a81Mkv0=
2,11,BT6aA0QZi2LgaITQ6MgAWxas59M=,1JA4FLOavImWcnUkFxk4a81Mkv0=
2,8,BT6aA0QZi2LgaITQ6MgAWxas59M=,1JA4FLOavImWcnUkFxk4a81Mkv0=
2,9,BT6aA0QZi2LgaITQ6MgAWxas59M=,x9BB/8eVT1/5HmhgSE+s8EKTQ68=
2,12,BT6aA0QZi2LgaITQ6MgAWxas59M=,mBCnzsG42uKfAQg7YYJ560xNVHc=
3,3,u5ISdm9jiF3snaqo52fsTM1KHa8=,PE1rdpHhGaJfkHDkdzcGUXgpdc4=
3,2,u5ISdm9jiF3snaqo52fsTM1KHa8=,PE1rdpHhGaJfkHDkdzcGUXgpdc4=
3,1,u5ISdm9jiF3snaqo52fsTM1KHa8=,PE1rdpHhGaJfkHDkdzcGUXgpdc4=
3,0,u5ISdm9jiF3snaqo52fsTM1KHa8=,PE1rdpHhGaJfkHDkdzcGUXgpdc4=
3,7,u5ISdm9jiF3snaqo52fsTM1KHa8=,3vYBOMK9Xvm5ufNWUU2OwOJi85g=
3,6,u5ISdm9jiF3snaqo52fsTM1KHa8=,EJZ7a7vQ9DJTP625Of4OWXAJ7wo=
3,5,u5ISdm9jiF3snaqo52fsTM1KHa8=,8jIwOojaaxuw+7Ymc+93W1MOrvg=
3,4,u5ISdm9jiF3snaqo52fsTM1KHa8=,8jIwOojaaxuw+7Ymc+93W1MOrvg=
3,11,u5ISdm9jiF3snaqo52fsTM1KHa8=,8jIwOojaaxuw+7Ymc+93W1MOrvg=
3,10,u5ISdm9jiF3snaqo52fsTM1KHa8=,XqqPQa6JyIgR+oRWU4+fmNyboxA=
3,9,u5ISdm9jiF3snaqo52fsTM1KHa8=,0vgiVjIr4KWTHOig70/+8ZP0nZQ=
3,8,u5ISdm9jiF3snaqo52fsTM1KHa8=,RIxVprTnJMVpbbXSTcdQCUaBMYw=
3,12,u5ISdm9jiF3snaqo52fsTM1KHa8=,ONBuFBMs4GuY5ObnPG3V3Bupg4I=
4,4,u5ISdm9jiF3snaqo52fsTM1KHa8=,HMv8V4CvTc/0uX6uruCVZHEYFBE=
4,5,u5ISdm9jiF3snaqo52fsTM1KHa8=,HMv8V4CvTc/0uX6uruCVZHEYFBE=
4,6,u5ISdm9jiF3snaqo52fsTM1KHa8=,SRKS7icH/bKKF0fgfflOBxPkquw=
4,7,u5ISdm9jiF3snaqo52fsTM1KHa8=,SRKS7icH/bKKF0fgfflOBxPkquw=
4,0,u5ISdm9jiF3snaqo52fsTM1KHa8=,IoQlr7Y/M0FdiVbm0xRGSSSYnnU=
4,1,u5ISdm9jiF3snaqo52fsTM1KHa8=,IoQlr7Y/M0FdiVbm0xRGSSSYnnU=
4,2,u5ISdm9jiF3snaqo52fsTM1KHa8=,286zDpFMBlP425/ykmdDaej88eU=
4,3,u5ISdm9jiF3snaqo52fsTM1KHa8=,6aTctH/+S/2c/aGS9NpdJC+ydIA=
4,12,u5ISdm9jiF3snaqo52fsTM1KHa8=,77QdCVheSrlsOu3eUDiSVdbBdmA=
4,8,u5ISdm9jiF3snaqo52fsTM1KHa8=,6aTctH/+S/2c/aGS9NpdJC+ydIA=
4,9,u5ISdm9jiF3snaqo52fsTM1KHa8=,oOLez/vkbN0/Lfhhr+8+ImOi9QI=
4,10,u5ISdm9jiF3snaqo52fsTM1KHa8=,/ulHd8uGonpNwHd8KYvX37yby2Q=
4,11,u5ISdm9jiF3snaqo52fsTM1KHa8=,4mFAaS+Tw2uQd1nRe2hjX0AlUMY=
5,5,uMRiOA5BAQEdnsFrnRlTJj2i+zY=,dekUTBVpqV8DN/JMMRmZ5JHb4RM=
5,4,uMRiOA5BAQEdnsFrnRlTJj2i+zY=,NCQeZcpZoLT5U6gyIbbyg6q1IXk=
5,7,uMRiOA5BAQEdnsFrnRlTJj2i+zY=,009ziUoCF3xRtzIMQx1QBGXAoYQ=
5,6,uMRiOA5BAQEdnsFrnRlTJj2i+zY=,009ziUoCF3xRtzIMQx1QBGXAoYQ=
5,1,uMRiOA5BAQEdnsFrnRlTJj2i+zY=,009ziUoCF3xRtzIMQx1QBGXAoYQ=
5,0,uMRiOA5BAQEdnsFrnRlTJj2i+zY=,009ziUoCF3xRtzIMQx1QBGXAoYQ=
5,3,uMRiOA5BAQEdnsFrnRlTJj2i+zY=,SywvPAE1Mcwc7tCEYakIu+tYKpM=
5,2,uMRiOA5BAQEdnsFrnRlTJj2i+zY=,SywvPAE1Mcwc7tCEYakIu+tYKpM=
5,12,uMRiOA5BAQEdnsFrnRlTJj2i+zY=,j/qz4v00LdTxNuAvLHlJEHWaIWA=
5,9,uMRiOA5BAQEdnsFrnRlTJj2i+zY=,SywvPAE1Mcwc7tCEYakIu+tYKpM=
5,8,uMRiOA5BAQEdnsFrnRlTJj2i+zY=,IStdnLOsUHKkQRzye0OrdrtnZKs=
5,11,uMRiOA5BAQEdnsFrnRlTJj2i+zY=,Hek0dY+x4Dtqezn0Kev+NmN+n8U=
5,10,uMRiOA5BAQEdnsFrnRlTJj2i+zY=,Hek0dY+x4Dtqezn0Kev+NmN+n8U=
6,6,uMRiOA5BAQEdnsFrnRlTJj2i+zY=,SrLHe/AYj9MF9aqiaZKfQBUN8/o=
6,7,uMRiOA5BAQEdnsFrnRlTJj2i+zY=,SrLHe/AYj9MF9aqiaZKfQBUN8/o=
6,4,uMRiOA5BAQEdnsFrnRlTJj2i+zY=,SrLHe/AYj9MF9aqiaZKfQBUN8/o=
6,5,uMRiOA5BAQEdnsFrnRlTJj2i+zY=,SrLHe/AYj9MF9aqiaZKfQBUN8/o=
6,2,uMRiOA5BAQEdnsFrnRlTJj2i+zY=,SrLHe/AYj9MF9aqiaZKfQBUN8/o=
6,3,uMRiOA5BAQEdnsFrnRlTJj2i+zY=,4wOg/Kt7Nk89LjmycnBPluhLHJI=
6,0,uMRiOA5BAQEdnsFrnRlTJj2i+zY=,4wOg/Kt7Nk89LjmycnBPluhLHJI=
6,1,uMRiOA5BAQEdnsFrnRlTJj2i+zY=,4wOg/Kt7Nk89LjmycnBPluhLHJI=
6,12,uMRiOA5BAQEdnsFrnRlTJj2i+zY=,tkdWdTNPVL3ReL4DtRGaGuVwzvs=
6,10,uMRiOA5BAQEdnsFrnRlTJj2i+zY=,KNGrBK5GqhT4NJNtLbu2IOvS+/I=
6,11,uMRiOA5BAQEdnsFrnRlTJj2i+zY=,KNGrBK5GqhT4NJNtLbu2IOvS+/I=
6,8,uMRiOA5BAQEdnsFrnRlTJj2i+zY=,KNGrBK5GqhT4NJNtLbu2IOvS+/I=
6,9,uMRiOA5BAQEdnsFrnRlTJj2i+zY=,KNGrBK5GqhT4NJNtLbu2IOvS+/I=
7,7,n5avYc3a0Y564A5OA81HFp8yTPE=,9M5a8m6w3Ly2mXarvTBuGPBgaB4=
7,6,n5avYc3a0Y564A5OA81HFp8yTPE=,9M5a8m6w3Ly2mXarvTBuGPBgaB4=
7,5,n5avYc3a0Y564A5OA81HFp8yTPE=,9M5a8m6w3Ly2mXarvTBuGPBgaB4=
7,4,n5avYc3a0Y564A5OA81HFp8yTPE=,VtJNpXPBARUAuaAGbhsxrk1dHmI=
7,3,n5avYc3a0Y564A5OA81HFp8yTPE=,d6PvDEQ/1MYu3eOtq0s3boXEpl8=
7,2,n5avYc3a0Y564A5OA81HFp8yTPE=,d6PvDEQ/1MYu3eOtq0s3boXEpl8=
7,1,n5avYc3a0Y564A5OA81HFp8yTPE=,d6PvDEQ/1MYu3eOtq0s3boXEpl8=
7,0,n5avYc3a0Y564A5OA81HFp8yTPE=,d6PvDEQ/1MYu3eOtq0s3boXEpl8=
7,12,n5avYc3a0Y564A5OA81HFp8yTPE=,sa1omyVx+H7H5hID19ChMJ1QDCU=
7,11,n5avYc3a0Y564A5OA81HFp8yTPE=,IPA+FoLTU5Pfw9rfSW2SKUGydFk=
7,10,n5avYc3a0Y564A5OA81HFp8yTPE=,IPA+FoLTU5Pfw9rfSW2SKUGydFk=
7,9,n5avYc3a0Y564A5OA81HFp8yTPE=,IPA+FoLTU5Pfw9rfSW2SKUGydFk=
7,8,n5avYc3a0Y564A5OA81HFp8yTPE=,U6pDF7iIvn+qreFruBZ4GbeNa0g=
8,8,n5avYc3a0Y564A5OA81HFp8yTPE=,MjVRd23KQ9Ap88dg3TZvt+MSnOg=
8,9,n5avYc3a0Y564A5OA81HFp8yTPE=,0rlyTpn1W7avxr02XPxKD09zGLE=
8,10,n5avYc3a0Y564A5OA81HFp8yTPE=,c5qYnQo8O7zod1AbrfKbqMyNKvc=
8,11,n5avYc3a0Y564A5OA81HFp8yTPE=,c5qYnQo8O7zod1AbrfKbqMyNKvc=
8,12,n5avYc3a0Y564A5OA81HFp8yTPE=,+5dR7G5wVu+E95U6oOvd2+mtpsA=
8,0,n5avYc3a0Y564A5OA81HFp8yTPE=,c5qYnQo8O7zod1AbrfKbqMyNKvc=
8,1,n5avYc3a0Y564A5OA81HFp8yTPE=,EcOYDDiPGwbdZOK+iEo13KuQmCs=
8,2,n5avYc3a0Y564A5OA81HFp8yTPE=,bbC5Z49K/Vmfn0u4jsl1ICRKJR0=
8,3,n5avYc3a0Y564A5OA81HFp8yTPE=,bbC5Z49K/Vmfn0u4jsl1ICRKJR0=
8,4,n5avYc3a0Y564A5OA81HFp8yTPE=,bbC5Z49K/Vmfn0u4jsl1ICRKJR0=
8,5,n5avYc3a0Y564A5OA81HFp8yTPE=,bbC5Z49K/Vmfn0u4jsl1ICRKJR0=
8,6,n5avYc3a0Y564A5OA81HFp8yTPE=,YW8Z7Wko0+5ru8ZWT8TW+7UCluk=
8,7,n5avYc3a0Y564A5OA81HFp8yTPE=,umx44KGRHdNy69nXRW0Qm1/9Djw=
9,9,VETfbIeJTfTggaWI4UbyS3feU5A=,myfYLHqCOxYDUh1VyAdx22zRXZk=
9,8,VETfbIeJTfTggaWI4UbyS3feU5A=,PjKuGfu+87yKCTI5pmtkAJTVsZc=
9,11,VETfbIeJTfTggaWI4UbyS3feU5A=,H2cBiYDI+pGtdxDAGOOEXP9BbIs=
9,10,VETfbIeJTfTggaWI4UbyS3feU5A=,H2cBiYDI+pGtdxDAGOOEXP9BbIs=
9,12,VETfbIeJTfTggaWI4UbyS3feU5A=,tMkcb0rqI/QyoIcJGeWepKStxww=
9,1,VETfbIeJTfTggaWI4UbyS3feU5A=,Ob9kPmDF6OsD0fBtRyY+MT7AdaA=
9,0,VETfbIeJTfTggaWI4UbyS3feU5A=,8YVs6bB7gTl6331dsWYFjFg7KaE=
9,3,VETfbIeJTfTggaWI4UbyS3feU5A=,8YVs6bB7gTl6331dsWYFjFg7KaE=
9,2,VETfbIeJTfTggaWI4UbyS3feU5A=,8YVs6bB7gTl6331dsWYFjFg7KaE=
9,5,VETfbIeJTfTggaWI4UbyS3feU5A=,8YVs6bB7gTl6331dsWYFjFg7KaE=
9,4,VETfbIeJTfTggaWI4UbyS3feU5A=,8YVs6bB7gTl6331dsWYFjFg7KaE=
9,7,VETfbIeJTfTggaWI4UbyS3feU5A=,8YVs6bB7gTl6331dsWYFjFg7KaE=
9,6,VETfbIeJTfTggaWI4UbyS3feU5A=,Jpp/ACHSGGAK+tnsjQOflgu8s3E=
10,10,VETfbIeJTfTggaWI4UbyS3feU5A=,ZUWao+44krFndL476Lp3g12UJQQ=
10,11,VETfbIeJTfTggaWI4UbyS3feU5A=,ZUWao+44krFndL476Lp3g12UJQQ=
10,8,VETfbIeJTfTggaWI4UbyS3feU5A=,ZUWao+44krFndL476Lp3g12UJQQ=
10,9,VETfbIeJTfTggaWI4UbyS3feU5A=,ZUWao+44krFndL476Lp3g12UJQQ=
10,12,VETfbIeJTfTggaWI4UbyS3feU5A=,lk21BZa+S4ZLKFYqG/+tOnvNWqQ=
10,2,VETfbIeJTfTggaWI4UbyS3feU5A=,ZUWao+44krFndL476Lp3g12UJQQ=
10,3,VETfbIeJTfTggaWI4UbyS3feU5A=,ZWQ1dccLb+BzM+voHB545OTVpxc=
10,0,VETfbIeJTfTggaWI4UbyS3feU5A=,tc0MY+tPEvJMNmGZHJCoBd76Gio=
10,1,VETfbIeJTfTggaWI4UbyS3feU5A=,tc0MY+tPEvJMNmGZHJCoBd76Gio=
10,6,VETfbIeJTfTggaWI4UbyS3feU5A=,tc0MY+tPEvJMNmGZHJCoBd76Gio=
10,7,VETfbIeJTfTggaWI4UbyS3feU5A=,tc0MY+tPEvJMNmGZHJCoBd76Gio=
10,4,VETfbIeJTfTggaWI4UbyS3feU5A=,tc0MY+tPEvJMNmGZHJCoBd76Gio=
10,5,VETfbIeJTfTggaWI4UbyS3feU5A=,tc0MY+tPEvJMNmGZHJCoBd76Gio=
11,11,ebLswTLZvuLFQO169pqGw2YKEZI=,EEjq4Rqo7+WDWC8oPbeSwuCypcg=
11,10,ebLswTLZvuLFQO169pqGw2YKEZI=,T1mtvkSd5/iKVhc/YlV6oReCsnM=
11,9,ebLswTLZvuLFQO169pqGw2YKEZI=,T1mtvkSd5/iKVhc/YlV6oReCsnM=
11,8,ebLswTLZvuLFQO169pqGw2YKEZI=,T1mtvkSd5/iKVhc/YlV6oReCsnM=
11,12,ebLswTLZvuLFQO169pqGw2YKEZI=,uXyfB7LGg3MpOXrhCNYmjEmPJNE=
11,3,ebLswTLZvuLFQO169pqGw2YKEZI=,T1mtvkSd5/iKVhc/YlV6oReCsnM=
11,2,ebLswTLZvuLFQO169pqGw2YKEZI=,T1mtvkSd5/iKVhc/YlV6oReCsnM=
11,1,ebLswTLZvuLFQO169pqGw2YKEZI=,0eBWOxF577A69tceDnw3a5m1lcE=
11,0,ebLswTLZvuLFQO169pqGw2YKEZI=,0mDkK5zDTYYhm+XHaYEcRKEhEqw=
11,7,ebLswTLZvuLFQO169pqGw2YKEZI=,0mDkK5zDTYYhm+XHaYEcRKEhEqw=
11,6,ebLswTLZvuLFQO169pqGw2YKEZI=,0mDkK5zDTYYhm+XHaYEcRKEhEqw=
11,5,ebLswTLZvuLFQO169pqGw2YKEZI=,0mDkK5zDTYYhm+XHaYEcRKEhEqw=
11,4,ebLswTLZvuLFQO169pqGw2YKEZI=,0mDkK5zDTYYhm+XHaYEcRKEhEqw=
12,12,ebLswTLZvuLFQO169pqGw2YKEZI=,MN2av1DzRJmv0dycko6xygR0Wy4=
12,8,ebLswTLZvuLFQO169pqGw2YKEZI=,+LmPbTmSP0+kv6fRgy26IOdFnPA=
12,9,ebLswTLZvuLFQO169pqGw2YKEZI=,17TuZhjXDnXpMJEW9jkuccRqZnQ=
12,10,ebLswTLZvuLFQO169pqGw2YKEZI=,6y/JQio/VCe+OqBWlDx9Yzs1nCo=
12,11,ebLswTLZvuLFQO169pqGw2YKEZI=,6y/JQio/VCe+OqBWlDx9Yzs1nCo=
12,4,ebLswTLZvuLFQO169pqGw2YKEZI=,6y/JQio/VCe+OqBWlDx9Yzs1nCo=
12,5,ebLswTLZvuLFQO169pqGw2YKEZI=,6y/JQio/VCe+OqBWlDx9Yzs1nCo=
12,6,ebLswTLZvuLFQO169pqGw2YKEZI=,6y/JQio/VCe+OqBWlDx9Yzs1nCo=
12,7,ebLswTLZvuLFQO169pqGw2YKEZI=,DZ10xOgo1AL2u0PBPtyGaTAzfWs=
12,0,ebLswTLZvuLFQO169pqGw2YKEZI=,GJmtdQ65B4f4Q4oQpfHDzkvHjWw=
12,1,ebLswTLZvuLFQO169pqGw2YKEZI=,GJmtdQ65B4f4Q4oQpfHDzkvHjWw=
12,2,ebLswTLZvuLFQO169pqGw2YKEZI=,GJmtdQ65B4f4Q4oQpfHDzkvHjWw=
12,3,ebLswTLZvuLFQO169pqGw2YKEZI=,GJmtdQ65B4f4Q4oQpfHDzkvHjWw=
13,12,vKpKfwx+QDZ/bo5C/u2Ia4Z6YqM=,J9sOV6ytGKA7exAVG4MUNwsYdDw=
13,9,vKpKfwx+QDZ/bo5C/u2Ia4Z6YqM=,thEyOBUS9EdXLzu4T9Aj8PS2bNs=
13,8,vKpKfwx+QDZ/bo5C/u2Ia4Z6YqM=,thEyOBUS9EdXLzu4T9Aj8PS2bNs=
13,11,vKpKfwx+QDZ/bo5C/u2Ia4Z6YqM=,thEyOBUS9EdXLzu4T9Aj8PS2bNs=
13,10,vKpKfwx+QDZ/bo5C/u2Ia4Z6YqM=,MXcLTNeCRoNn2WK7qQ2m20eqKSI=
13,5,vKpKfwx+QDZ/bo5C/u2Ia4Z6YqM=,4L3s/d2YZg61x2YFzzzCg1oIl9k=
13,4,vKpKfwx+QDZ/bo5C/u2Ia4Z6YqM=,4L3s/d2YZg61x2YFzzzCg1oIl9k=
13,7,vKpKfwx+QDZ/bo5C/u2Ia4Z6YqM=,4L3s/d2YZg61x2YFzzzCg1oIl9k=
13,6,vKpKfwx+QDZ/bo5C/u2Ia4Z6YqM=,4L3s/d2YZg61x2YFzzzCg1oIl9k=
13,1,vKpKfwx+QDZ/bo5C/u2Ia4Z6YqM=,4L3s/d2YZg61x2YFzzzCg1oIl9k=
13,0,vKpKfwx+QDZ/bo5C/u2Ia4Z6YqM=,idWKn7Cbte97dYTuKlrqKSMTzk0=
13,3,vKpKfwx+QDZ/bo5C/u2Ia4Z6YqM=,kLIeBjYVF+bkfYwzXega+KjqUsg=
13,2,vKpKfwx+QDZ/bo5C/u2Ia4Z6YqM=,JlwHFODI6kmInLS6Ak2IERk0YF8=
14,12,vKpKfwx+QDZ/bo5C/u2Ia4Z6YqM=,5Mg+AsqHlFjoICL4qgUmtA+3ZaU=
14,10,vKpKfwx+QDZ/bo5C/u2Ia4Z6YqM=,3gAA7of3VNV05iaLB4xppn2tkkI=
14,11,vKpKfwx+QDZ/bo5C/u2Ia4Z6YqM=,3gAA7of3VNV05iaLB4xppn2tkkI=
14,8,vKpKfwx+QDZ/bo5C/u2Ia4Z6YqM=,3gAA7of3VNV05iaLB4xppn2tkkI=
14,9,vKpKfwx+QDZ/bo5C/u2Ia4Z6YqM=,3gAA7of3VNV05iaLB4xppn2tkkI=
14,6,vKpKfwx+QDZ/bo5C/u2Ia4Z6YqM=,3gAA7of3VNV05iaLB4xppn2tkkI=
14,7,vKpKfwx+QDZ/bo5C/u2Ia4Z6YqM=,0sq6OuZFWHSMZQByemGOtitNneQ=
14,4,vKpKfwx+QDZ/bo5C/u2Ia4Z6YqM=,uXGa/8xcojSXKo35M6yQfe9uugM=
14,5,vKpKfwx+QDZ/bo5C/u2Ia4Z6YqM=,uXGa/8xcojSXKo35M6yQfe9uugM=
14,2,vKpKfwx+QDZ/bo5C/u2Ia4Z6YqM=,uXGa/8xcojSXKo35M6yQfe9uugM=
14,3,vKpKfwx+QDZ/bo5C/u2Ia4Z6YqM=,uXGa/8xcojSXKo35M6yQfe9uugM=
14,0,vKpKfwx+QDZ/bo5C/u2Ia4Z6YqM=,uXGa/8xcojSXKo35M6yQfe9uugM=
14,1,vKpKfwx+QDZ/bo5C/u2Ia4Z6YqM=,uXGa/8xcojSXKo35M6yQfe9uugM=
15,12,QS7l6cSYvGQC3lrWRNvhsRBvodI=,35a4fmaR848B/oBbbn3CfIwWY9E=
15,11,QS7l6cSYvGQC3lrWRNvhsRBvodI=,mnnm7DXvUQpjgo3ajTrm9bO63lM=
15,10,QS7l6cSYvGQC3lrWRNvhsRBvodI=,vt7PYHSUkHMnq8jGtg9oP9G32nw=
15,9,QS7l6cSYvGQC3lrWRNvhsRBvodI=,jwO+2XFyJOQerkQc5rDAJyxSK/4=
15,8,QS7l6cSYvGQC3lrWRNvhsRBvodI=,jwO+2XFyJOQerkQc5rDAJyxSK/4=
15,7,QS7l6cSYvGQC3lrWRNvhsRBvodI=,jwO+2XFyJOQerkQc5rDAJyxSK/4=
15,6,QS7l6cSYvGQC3lrWRNvhsRBvodI=,jwO+2XFyJOQerkQc5rDAJyxSK/4=
15,5,QS7l6cSYvGQC3lrWRNvhsRBvodI=,jwO+2XFyJOQerkQc5rDAJyxSK/4=
15,4,QS7l6cSYvGQC3lrWRNvhsRBvodI=,+2QViDBYHlpJQlluQCZb/g2LTOA=
15,3,QS7l6cSYvGQC3lrWRNvhsRBvodI=,CfGXsLxRRfIs6ChN1jQrsaWFDC0=
15,2,QS7l6cSYvGQC3lrWRNvhsRBvodI=,CfGXsLxRRfIs6ChN1jQrsaWFDC0=
15,1,QS7l6cSYvGQC3lrWRNvhsRBvodI=,CfGXsLxRRfIs6ChN1jQrsaWFDC0=
15,0,QS7l6cSYvGQC3lrWRNvhsRBvodI=,CfGXsLxRRfIs6ChN1jQrsaWFDC0=
16,0,QS7l6cSYvGQC3lrWRNvhsRBvodI=,nm8Rp7H48v/OO2UwiO9MJMvX3UA=
16,1,QS7l6cSYvGQC3lrWRNvhsRBvodI=,nm8Rp7H48v/OO2UwiO9MJMvX3UA=
16,2,QS7l6cSYvGQC3lrWRNvhsRBvodI=,nm8Rp7H48v/OO2UwiO9MJMvX3UA=
16,3,QS7l6cSYvGQC3lrWRNvhsRBvodI=,ykZ7/8aKME5yEjZJvyxcFu5nr2U=
16,4,QS7l6cSYvGQC3lrWRNvhsRBvodI=,tKPDnk2rnD+jNWU6yFDDXyTSLcY=
16,5,QS7l6cSYvGQC3lrWRNvhsRBvodI=,tKPDnk2rnD+jNWU6yFDDXyTSLcY=
16,6,QS7l6cSYvGQC3lrWRNvhsRBvodI=,tKPDnk2rnD+jNWU6yFDDXyTSLcY=
16,7,QS7l6cSYvGQC3lrWRNvhsRBvodI=,tKPDnk2rnD+jNWU6yFDDXyTSLcY=
16,8,QS7l6cSYvGQC3lrWRNvhsRBvodI=,tKPDnk2rnD+jNWU6yFDDXyTSLcY=
16,9,QS7l6cSYvGQC3lrWRNvhsRBvodI=,tKPDnk2rnD+jNWU6yFDDXyTSLcY=
16,10,QS7l6cSYvGQC3lrWRNvhsRBvodI=,o0XCFSbneuyNqcAIOdS4upQ3iSI=
16,11,QS7l6cSYvGQC3lrWRNvhsRBvodI=,OQhRc2PP4mvVZIX6oaTcWWiVLqU=
16,12,QS7l6cSYvGQC3lrWRNvhsRBvodI=,ZKKAcI3qN/bap/2lDItIvwsCT5E=
17,1,iQRIUlzQTHLGYrxgFbgKHsJYAAc=,W7KALTvcyNA4FLquI222PHJoKC0=
17,0,iQRIUlzQTHLGYrxgFbgKHsJYAAc=,dsn/P+hIhG3PeYxwScf9Awk7Bbw=
17,3,iQRIUlzQTHLGYrxgFbgKHsJYAAc=,dsn/P+hIhG3PeYxwScf9Awk7Bbw=
17,2,iQRIUlzQTHLGYrxgFbgKHsJYAAc=,dsn/P+hIhG3PeYxwScf9Awk7Bbw=
17,5,iQRIUlzQTHLGYrxgFbgKHsJYAAc=,dsn/P+hIhG3PeYxwScf9Awk7Bbw=
17,4,iQRIUlzQTHLGYrxgFbgKHsJYAAc=,dsn/P+hIhG3PeYxwScf9Awk7Bbw=
17,7,iQRIUlzQTHLGYrxgFbgKHsJYAAc=,kyvS8Mrr3CKacJ+oINrS5qllcec=
17,6,iQRIUlzQTHLGYrxgFbgKHsJYAAc=,ebY89wyC2/Bj9QYkSAiyCtHKTDE=
17,9,iQRIUlzQTHLGYrxgFbgKHsJYAAc=,LCHVFEkcAhBYTLWPL/fC9L6YU00=
17,8,iQRIUlzQTHLGYrxgFbgKHsJYAAc=,LCHVFEkcAhBYTLWPL/fC9L6YU00=
17,11,iQRIUlzQTHLGYrxgFbgKHsJYAAc=,LCHVFEkcAhBYTLWPL/fC9L6YU00=
17,10,iQRIUlzQTHLGYrxgFbgKHsJYAAc=,LCHVFEkcAhBYTLWPL/fC9L6YU00=
17,12,iQRIUlzQTHLGYrxgFbgKHsJYAAc=,p2zBPgyd9UZoQLeYNX0az/bX2x4=
18,2,iQRIUlzQTHLGYrxgFbgKHsJYAAc=,tm82lDc/lbC/hS+6D2mfH22fJXw=
18,3,iQRIUlzQTHLGYrxgFbgKHsJYAAc=,tm82lDc/lbC/hS+6D2mfH22fJXw=
18,0,iQRIUlzQTHLGYrxgFbgKHsJYAAc=,fnZaG/Ugccl5iUqiufyNKnQL0cg=
18,1,iQRIUlzQTHLGYrxgFbgKHsJYAAc=,fnZaG/Ugccl5iUqiufyNKnQL0cg=
18,6,iQRIUlzQTHLGYrxgFbgKHsJYAAc=,x9v0fpFy2RmYHfp8Bar6VncX9Mc=
18,7,iQRIUlzQTHLGYrxgFbgKHsJYAAc=,x9v0fpFy2RmYHfp8Bar6VncX9Mc=
18,4,iQRIUlzQTHLGYrxgFbgKHsJYAAc=,x9v0fpFy2RmYHfp8Bar6VncX9Mc=
18,5,iQRIUlzQTHLGYrxgFbgKHsJYAAc=,x9v0fpFy2RmYHfp8Bar6VncX9Mc=
18,10,iQRIUlzQTHLGYrxgFbgKHsJYAAc=,x9v0fpFy2RmYHfp8Bar6VncX9Mc=
18,11,iQRIUlzQTHLGYrxgFbgKHsJYAAc=,d6crKUvSIipIaGu3V2nvvazxr9M=
18,8,sS+Z8rJPIW0rhHvZ8cuWiF6MHrU=,WgXISF7Bxr6S3RXPFsYTUthH3tU=
18,9,sS+Z8rJPIW0rhHvZ8cuWiF6MHrU=,8BC4gF4N/Dke/X16UEnsTJD7PAQ=
18,12,sS+Z8rJPIW0rhHvZ8cuWiF6MHrU=,lTmYLuFaEgba1uCxbwkofkSvf/Q=
19,3,sS+Z8rJPIW0rhHvZ8cuWiF6MHrU=,qERNOXa3RYBriTnNfYmHc5jaHRQ=
19,2,sS+Z8rJPIW0rhHvZ8cuWiF6MHrU=,qERNOXa3RYBriTnNfYmHc5jaHRQ=
19,1,sS+Z8rJPIW0rhHvZ8cuWiF6MHrU=,qERNOXa3RYBriTnNfYmHc5jaHRQ=
19,0,sS+Z8rJPIW0rhHvZ8cuWiF6MHrU=,qERNOXa3RYBriTnNfYmHc5jaHRQ=
19,7,sS+Z8rJPIW0rhHvZ8cuWiF6MHrU=,qERNOXa3RYBriTnNfYmHc5jaHRQ=
19,6,sS+Z8rJPIW0rhHvZ8cuWiF6MHrU=,Hjm9/xGnDt0ZUKw/Slpb6aTCneg=
19,5,sS+Z8rJPIW0rhHvZ8cuWiF6MHrU=,YgAntA3Mi6uPIiUaPcPYoLytzig=
19,4,sS+Z8rJPIW0rhHvZ8cuWiF6MHrU=,rq1mRR9Si6k32b4mszCBZrwKeBE=
19,11,sS+Z8rJPIW0rhHvZ8cuWiF6MHrU=,+AciABJ+jZIXEIjBgi0lVZUeqGU=
19,10,sS+Z8rJPIW0rhHvZ8cuWiF6MHrU=,+AciABJ+jZIXEIjBgi0lVZUeqGU=
19,9,sS+Z8rJPIW0rhHvZ8cuWiF6MHrU=,+AciABJ+jZIXEIjBgi0lVZUeqGU=
19,8,sS+Z8rJPIW0rhHvZ8cuWiF6MHrU=,+AciABJ+jZIXEIjBgi0lVZUeqGU=
19,12,sS+Z8rJPIW0rhHvZ8cuWiF6MHrU=,OyikORvI0YCZbnhhDi7VIizvFxI=
20,4,sS+Z8rJPIW0rhHvZ8cuWiF6MHrU=,wCbAn3v59AYqCnFcqzvtW3FL2RI=
20,5,sS+Z8rJPIW0rhHvZ8cuWiF6MHrU=,wCbAn3v59AYqCnFcqzvtW3FL2RI=
20,6,sS+Z8rJPIW0rhHvZ8cuWiF6MHrU=,QGDe1Ly81E6TYojAkF3liYipAoI=
20,7,sS+Z8rJPIW0rhHvZ8cuWiF6MHrU=,QGDe1Ly81E6TYojAkF3liYipAoI=
20,0,sS+Z8rJPIW0rhHvZ8cuWiF6MHrU=,QGDe1Ly81E6TYojAkF3liYipAoI=
20,1,sS+Z8rJPIW0rhHvZ8cuWiF6MHrU=,JUD7EnZu3pqrVuwIO1R+oR5STfs=
20,2,sS+Z8rJPIW0rhHvZ8cuWiF6MHrU=,J13w2Vw+irkhqKezEep9VtQOsrM=
20,3,sS+Z8rJPIW0rhHvZ8cuWiF6MHrU=,J13w2Vw+irkhqKezEep9VtQOsrM=
20,12,sS+Z8rJPIW0rhHvZ8cuWiF6MHrU=,6qiAIJbrsoFUQ/TAIG6SEjw4ihk=
20,8,sS+Z8rJPIW0rhHvZ8cuWiF6MHrU=,2oiS336ODDKaqotVp8ryj/ilV8U=
20,9,sS+Z8rJPIW0rhHvZ8cuWiF6MHrU=,2oiS336ODDKaqotVp8ryj/ilV8U=
20,10,sS+Z8rJPIW0rhHvZ8cuWiF6MHrU=,2oiS336ODDKaqotVp8ryj/ilV8U=
20,11,sS+Z8rJPIW0rhHvZ8cuWiF6MHrU=,2oiS336ODDKaqotVp8ryj/ilV8U=
21,5,T2Su5PqSefMBR14uOwYYClK2/Jc=,EWHtiLMIwT9QHFx/81aRzx9b2no=
21,4,T2Su5PqSefMBR14uOwYYClK2/Jc=,O8ZLthlR7k5HtGgcF/uWFaXUKKk=
21,7,T2Su5PqSefMBR14uOwYYClK2/Jc=,O8ZLthlR7k5HtGgcF/uWFaXUKKk=
21,6,T2Su5PqSefMBR14uOwYYClK2/Jc=,Z6VJp/jmIOV8YVfYC3Ndv5YOosc=
21,1,T2Su5PqSefMBR14uOwYYClK2/Jc=,TaMDIdbIo4/3aTQS5OlpZ62mztk=
21,0,T2Su5PqSefMBR14uOwYYClK2/Jc=,TaMDIdbIo4/3aTQS5OlpZ62mztk=
21,3,T2Su5PqSefMBR14uOwYYClK2/Jc=,TaMDIdbIo4/3aTQS5OlpZ62mztk=
21,2,T2Su5PqSefMBR14uOwYYClK2/Jc=,TaMDIdbIo4/3aTQS5OlpZ62mztk=
21,12,T2Su5PqSefMBR14uOwYYClK2/Jc=,V/Q4v35zWaij2SiXRtHx2BHj0iI=
21,9,T2Su5PqSefMBR14uOwYYClK2/Jc=,LsRFYGxKWJl8CE2UFCtVVmAiViE=
21,8,T2Su5PqSefMBR14uOwYYClK2/Jc=,bLok/Qdkn49u3DzwUzvFgpcKpX8=
21,11,T2Su5PqSefMBR14uOwYYClK2/Jc=,u8tSiLdLVrj9/6b08VjeIPAM2pc=
21,10,T2Su5PqSefMBR14uOwYYClK2/Jc=,u8tSiLdLVrj9/6b08VjeIPAM2pc=
22,6,T2Su5PqSefMBR14uOwYYClK2/Jc=,scxQLt6N2udVkJcQXDVSTGK4/Q8=
22,7,T2Su5PqSefMBR14uOwYYClK2/Jc=,scxQLt6N2udVkJcQXDVSTGK4/Q8=
22,4,T2Su5PqSefMBR14uOwYYClK2/Jc=,scxQLt6N2udVkJcQXDVSTGK4/Q8=
22,5,T2Su5PqSefMBR14uOwYYClK2/Jc=,scxQLt6N2udVkJcQXDVSTGK4/Q8=
22,2,T2Su5PqSefMBR14uOwYYClK2/Jc=,V4rAlrZeT8kvsbYWr6QZF3qMF64=
22,3,T2Su5PqSefMBR14uOwYYClK2/Jc=,proC2to/3Zd2eA26sbtVwOpG5Vg=
22,0,T2Su5PqSefMBR14uOwYYClK2/Jc=,xcwCJfyZLelDdUzCX7E+ZmRgfoM=
22,1,T2Su5PqSefMBR14uOwYYClK2/Jc=,xcwCJfyZLelDdUzCX7E+ZmRgfoM=
22,12,T2Su5PqSefMBR14uOwYYClK2/Jc=,0Q5GGpBHIXDPULDrBLbzEint3gA=
22,10,T2Su5PqSefMBR14uOwYYClK2/Jc=,xcwCJfyZLelDdUzCX7E+ZmRgfoM=
22,11,T2Su5PqSefMBR14uOwYYClK2/Jc=,xcwCJfyZLelDdUzCX7E+ZmRgfoM=
22,8,T2Su5PqSefMBR14uOwYYClK2/Jc=,xcwCJfyZLelDdUzCX7E+ZmRgfoM=
22,9,T2Su5PqSefMBR14uOwYYClK2/Jc=,hojP7XC3n5H37AyiemT8VdQd80s=
23,7,t1j3J1Esjb9rhPtmzIoS6n8UvcU=,U81qbcmKhPvMfmSRbavcgkipKtM=
23,6,t1j3J1Esjb9rhPtmzIoS6n8UvcU=,U81qbcmKhPvMfmSRbavcgkipKtM=
23,5,t1j3J1Esjb9rhPtmzIoS6n8UvcU=,WCQbDOYnQ3tI7jc9lIf4XNITsfU=
23,4,t1j3J1Esjb9rhPtmzIoS6n8UvcU=,WCQbDOYnQ3tI7jc9lIf4XNITsfU=
23,3,t1j3J1Esjb9rhPtmzIoS6n8UvcU=,WCQbDOYnQ3tI7jc9lIf4XNITsfU=
23,2,t1j3J1Esjb9rhPtmzIoS6n8UvcU=,WCQbDOYnQ3tI7jc9lIf4XNITsfU=
23,1,t1j3J1Esjb9rhPtmzIoS6n8UvcU=,WCQbDOYnQ3tI7jc9lIf4XNITsfU=
23,0,t1j3J1Esjb9rhPtmzIoS6n8UvcU=,WCQbDOYnQ3tI7jc9lIf4XNITsfU=
23,12,t1j3J1Esjb9rhPtmzIoS6n8UvcU=,PmiFFUr2Adfd1dOi7f0EYDLX1Bk=
23,11,t1j3J1Esjb9rhPtmzIoS6n8UvcU=,AUf61Jvomv/I+3twmO8qU09Trfg=
23,10,t1j3J1Esjb9rhPtmzIoS6n8UvcU=,vtzyaQQzaOBWB7b/Od4GLGgbTDk=
23,9,t1j3J1Esjb9rhPtmzIoS6n8UvcU=,EmANN1276l9VgcBxIaSSBflLmfc=
23,8,t1j3J1Esjb9rhPtmzIoS6n8UvcU=,EmANN1276l9VgcBxIaSSBflLmfc=
24,8,t1j3J1Esjb9rhPtmzIoS6n8UvcU=,3e86jt5lvpsV3pSlNKhbAVtsXGk=
24,9,t1j3J1Esjb9rhPtmzIoS6n8UvcU=,3e86jt5lvpsV3pSlNKhbAVtsXGk=
24,10,t1j3J1Esjb9rhPtmzIoS6n8UvcU=,3e86jt5lvpsV3pSlNKhbAVtsXGk=
24,11,t1j3J1Esjb9rhPtmzIoS6n8UvcU=,3e86jt5lvpsV3pSlNKhbAVtsXGk=
24,12,t1j3J1Esjb9rhPtmzIoS6n8UvcU=,ahKs53udhoohEbec75teVppyma8=
24,0,t1j3J1Esjb9rhPtmzIoS6n8UvcU=,DUAZNORxGr8nHIps4J7omlByTRM=
24,1,t1j3J1Esjb9rhPtmzIoS6n8UvcU=,DUAZNORxGr8nHIps4J7omlByTRM=
24,2,t1j3J1Esjb9rhPtmzIoS6n8UvcU=,DUAZNORxGr8nHIps4J7omlByTRM=
24,3,t1j3J1Esjb9rhPtmzIoS6n8UvcU=,DUAZNORxGr8nHIps4J7omlByTRM=
24,4,t1j3J1Esjb9rhPtmzIoS6n8UvcU=,DUAZNORxGr8nHIps4J7omlByTRM=
24,5,t1j3J1Esjb9rhPtmzIoS6n8UvcU=,DUAZNORxGr8nHIps4J7omlByTRM=
24,6,t1j3J1Esjb9rhPtmzIoS6n8UvcU=,DUAZNORxGr8nHIps4J7omlByTRM=
24,7,t1j3J1Esjb9rhPtmzIoS6n8UvcU=,DUAZNORxGr8nHIps4J7omlByTRM=
